household_id,state_code,employment_income,marital_status,head_age,spouse_age,dependents,self_employment_income,dividend_income,interest_income,short_term_capital_gains,long_term_capital_gains,pension_income,social_security,unemployment_compensation,spouse_self_employment_income,household_net_income,household_market_income,income_tax_before_refundable_credits,state_income_tax_before_refundable_credits,eitc,refundable_ctc,state_refundable_credits,snap,ssi,free_school_meals,reduced_price_school_meals,tanf,household_state_benefits,medicaid,chip,premium_tax_credit,dependent_1_age
1026.0,NH,0.0,2.0,53.0,55.0,1.0,0.0,0.0,1865.6737830913748,0.0,0.0,0.0,0.0,0.0,0.0,12205.32421875,1865.673828125,0.0,0.0,0.0,0.0,0.0,9271.083984375,0.0,1068.5665283203125,0.0,0.0,0.0,40187.5048828125,0.0,0.0,14
1026.0,NH,1048.845703125,2.0,53.0,55.0,1.0,0.0,0.0,1865.6737830913748,0.0,0.0,0.0,0.0,0.0,0.0,13459.4423828125,2914.51953125,0.0,0.0,356.6075439453125,0.0,0.0,9199.9853515625,0.0,1068.5665283203125,0.0,0.0,0.0,40187.5048828125,0.0,0.0,14
1026.0,NH,2097.69140625,2.0,53.0,55.0,1.0,0.0,0.0,1865.6737830913748,0.0,0.0,0.0,0.0,0.0,0.0,14532.658203125,3963.365234375,0.0,0.0,713.215087890625,0.0,0.0,8947.9853515625,0.0,1068.5665283203125,0.0,0.0,0.0,40187.5048828125,0.0,0.0,14
1026.0,NH,3146.536865234375,2.0,53.0,55.0,1.0,0.0,0.0,1865.6737830913748,0.0,0.0,0.0,0.0,0.0,0.0,15702.85546875,5012.2109375,0.0,0.0,1069.822509765625,96.98053741455078,0.0,8695.9853515625,0.0,1068.5665283203125,0.0,0.0,0.0,40187.5048828125,0.0,0.0,14
1026.0,NH,4195.3828125,2.0,53.0,55.0,1.0,0.0,0.0,1865.6737830913748,0.0,0.0,0.0,0.0,0.0,0.0,16933.3984375,6061.056640625,0.0,0.0,1426.43017578125,254.30743408203125,0.0,8443.9853515625,0.0,1068.5665283203125,0.0,0.0,0.0,40187.5048828125,0.0,0.0,14
1026.0,NH,5244.22802734375,2.0,53.0,55.0,1.0,0.0,0.0,1865.6737830913748,0.0,0.0,0.0,0.0,0.0,0.0,18163.94140625,7109.90185546875,0.0,0.0,1783.03759765625,411.63421630859375,0.0,8191.98486328125,0.0,1068.5665283203125,0.0,0.0,0.0,40187.5048828125,0.0,0.0,14
1026.0,NH,6293.07373046875,2.0,53.0,55.0,1.0,0.0,0.0,1865.6737830913748,0.0,0.0,0.0,0.0,0.0,0.0,19394.484375,8158.74755859375,0.0,0.0,2139.64501953125,568.9610595703125,0.0,7939.98486328125,0.0,1068.5665283203125,0.0,0.0,0.0,40187.5048828125,0.0,0.0,14
1026.0,NH,7341.91943359375,2.0,53.0,55.0,1.0,0.0,0.0,1865.6737830913748,0.0,0.0,0.0,0.0,0.0,0.0,20627.728515625,9207.59375,0.0,0.0,2496.252685546875,726.2879638671875,0.0,7690.6845703125,0.0,1068.5665283203125,0.0,0.0,0.0,40187.5048828125,0.0,0.0,14
1026.0,NH,8390.765625,2.0,53.0,55.0,1.0,0.0,0.0,1865.6737830913748,0.0,0.0,0.0,0.0,0.0,0.0,21859.171875,10256.439453125,0.0,0.0,2852.8603515625,883.6148681640625,0.0,7439.583984375,0.0,1068.5665283203125,0.0,0.0,0.0,40187.5048828125,0.0,0.0,14
1026.0,NH,9439.6103515625,2.0,53.0,55.0,1.0,0.0,0.0,1865.6737830913748,0.0,0.0,0.0,0.0,0.0,0.0,23089.712890625,11305.2841796875,0.0,0.0,3209.467529296875,1040.941650390625,0.0,7187.583984375,0.0,1068.5665283203125,0.0,0.0,0.0,40187.5048828125,0.0,0.0,14
1026.0,NH,10488.4560546875,2.0,53.0,55.0,1.0,0.0,0.0,1865.6737830913748,0.0,0.0,0.0,0.0,0.0,0.0,24320.2578125,12354.1298828125,0.0,0.0,3566.0751953125,1198.2684326171875,0.0,6935.583984375,0.0,1068.5665283203125,0.0,0.0,0.0,40187.5048828125,0.0,0.0,14
1026.0,NH,11537.3017578125,2.0,53.0,55.0,1.0,0.0,0.0,1865.6737830913748,0.0,0.0,0.0,0.0,0.0,0.0,25550.798828125,13402.9755859375,0.0,0.0,3922.6826171875,1355.5953369140625,0.0,6683.583984375,0.0,1068.5665283203125,0.0,0.0,0.0,40187.5048828125,0.0,0.0,14
1026.0,NH,12586.1474609375,2.0,53.0,55.0,1.0,0.0,0.0,1865.6737830913748,0.0,0.0,0.0,0.0,0.0,0.0,26781.34375,14451.8212890625,0.0,0.0,4279.2900390625,1512.922119140625,0.0,6431.583984375,0.0,1068.5665283203125,0.0,0.0,0.0,40187.5048828125,0.0,0.0,14
1026.0,NH,13634.9931640625,2.0,53.0,55.0,1.0,0.0,0.0,1865.6737830913748,0.0,0.0,0.0,0.0,0.0,0.0,27703.990234375,15500.6669921875,0.0,0.0,4328.0,1670.2490234375,0.0,6179.583984375,0.0,1068.5665283203125,0.0,0.0,0.0,40187.5048828125,0.0,0.0,14
1026.0,NH,14683.8388671875,2.0,53.0,55.0,1.0,0.0,0.0,1865.6737830913748,0.0,0.0,0.0,0.0,0.0,0.0,28450.34765625,16549.51171875,0.0,0.0,4328.0,1700.0,0.0,5927.583984375,0.0,1068.5665283203125,0.0,0.0,0.0,40187.5048828125,0.0,0.0,14
1026.0,NH,15732.6845703125,2.0,53.0,55.0,1.0,0.0,0.0,1865.6737830913748,0.0,0.0,0.0,0.0,0.0,0.0,29166.958984375,17598.359375,0.0,0.0,4328.0,1700.0,0.0,5675.583984375,0.0,1068.5665283203125,0.0,0.0,0.0,40187.5048828125,0.0,0.0,14
1026.0,NH,16781.53125,2.0,53.0,55.0,1.0,0.0,0.0,1865.6737830913748,0.0,0.0,0.0,0.0,0.0,0.0,29883.568359375,18647.205078125,0.0,0.0,4328.0,1700.0,0.0,5423.583984375,0.0,1068.5665283203125,0.0,0.0,0.0,40187.5048828125,0.0,0.0,14
1026.0,NH,17830.376953125,2.0,53.0,55.0,1.0,0.0,0.0,1865.6737830913748,0.0,0.0,0.0,0.0,0.0,0.0,30600.177734375,19696.05078125,0.0,0.0,4328.0,1700.0,0.0,5171.583984375,0.0,1068.5665283203125,0.0,0.0,0.0,40187.5048828125,0.0,0.0,14
1026.0,NH,18879.220703125,2.0,53.0,55.0,1.0,0.0,0.0,1865.6737830913748,0.0,0.0,0.0,0.0,0.0,0.0,31316.78515625,20744.89453125,0.0,0.0,4328.0,1700.0,0.0,4919.58447265625,0.0,1068.5665283203125,0.0,0.0,0.0,40187.5048828125,0.0,0.0,14
1026.0,NH,19928.06640625,2.0,53.0,55.0,1.0,0.0,0.0,1865.6737830913748,0.0,0.0,0.0,0.0,0.0,0.0,32033.39453125,21793.740234375,0.0,0.0,4328.0,1700.0,0.0,4667.58447265625,0.0,1068.5665283203125,0.0,0.0,0.0,40187.5048828125,0.0,0.0,14
1026.0,NH,20976.912109375,2.0,53.0,55.0,1.0,0.0,0.0,1865.6737830913748,0.0,0.0,0.0,0.0,0.0,0.0,32752.703125,22842.5859375,0.0,0.0,4328.0,1700.0,0.0,4418.28466796875,0.0,1068.5665283203125,0.0,0.0,0.0,40187.5048828125,0.0,0.0,14
1026.0,NH,22025.7578125,2.0,53.0,55.0,1.0,0.0,0.0,1865.6737830913748,0.0,0.0,0.0,0.0,0.0,0.0,33470.21484375,23891.431640625,0.0,0.0,4328.0,1700.0,0.0,4167.18505859375,0.0,1068.5665283203125,0.0,0.0,0.0,40187.5048828125,0.0,0.0,14
1026.0,NH,23074.603515625,2.0,53.0,55.0,1.0,0.0,0.0,1865.6737830913748,0.0,0.0,0.0,0.0,0.0,0.0,34186.82421875,24940.27734375,0.0,0.0,4328.0,1700.0,0.0,3915.18505859375,0.0,1068.5665283203125,0.0,0.0,0.0,40187.5048828125,0.0,0.0,14
1026.0,NH,24123.44921875,2.0,53.0,55.0,1.0,0.0,0.0,1865.6737830913748,0.0,0.0,0.0,0.0,0.0,0.0,34903.4296875,25989.123046875,0.0,0.0,4328.0,1700.0,0.0,3663.18505859375,0.0,1068.5665283203125,0.0,0.0,0.0,40187.5048828125,0.0,0.0,14
1026.0,NH,25172.294921875,2.0,53.0,55.0,1.0,0.0,0.0,1865.6737830913748,0.0,0.0,0.0,0.0,0.0,0.0,35620.0390625,27037.96875,0.0,0.0,4328.0,1700.0,0.0,3411.18505859375,0.0,1068.5665283203125,0.0,0.0,0.0,40187.5048828125,0.0,0.0,14
1026.0,NH,26221.140625,2.0,53.0,55.0,1.0,0.0,0.0,1865.6737830913748,0.0,0.0,0.0,0.0,0.0,0.0,36336.6484375,28086.814453125,0.0,0.0,4328.0,1700.0,0.0,3159.18505859375,0.0,1068.5665283203125,0.0,0.0,0.0,40187.5048828125,0.0,0.0,14
1026.0,NH,27269.986328125,2.0,53.0,55.0,1.0,0.0,0.0,1865.6737830913748,0.0,0.0,0.0,0.0,0.0,0.0,37053.2578125,29135.66015625,0.0,0.0,4328.0,1700.0,0.0,2907.18505859375,0.0,1068.5665283203125,0.0,0.0,0.0,40187.5048828125,0.0,0.0,14
1026.0,NH,28318.83203125,2.0,53.0,55.0,1.0,0.0,0.0,1865.6737830913748,0.0,0.0,0.0,0.0,0.0,0.0,37769.8671875,30184.505859375,0.0,0.0,4328.0,1700.0,0.0,2655.18505859375,0.0,1068.5665283203125,0.0,0.0,0.0,40187.5048828125,0.0,0.0,14
1026.0,NH,29367.677734375,2.0,53.0,55.0,1.0,0.0,0.0,1865.6737830913748,0.0,0.0,0.0,0.0,0.0,0.0,38486.47265625,31233.3515625,0.0,0.0,4328.0,1700.0,0.0,2403.1845703125,0.0,1068.5665283203125,0.0,0.0,0.0,40187.5048828125,0.0,0.0,14
1026.0,NH,30416.5234375,2.0,53.0,55.0,1.0,0.0,0.0,1865.6737830913748,0.0,0.0,0.0,0.0,0.0,0.0,39203.0859375,32282.197265625,0.0,0.0,4328.0,1700.0,0.0,2151.1845703125,0.0,1068.5665283203125,0.0,0.0,0.0,40187.5048828125,0.0,0.0,14
1026.0,NH,31465.369140625,2.0,53.0,55.0,1.0,0.0,0.0,1865.6737830913748,0.0,0.0,0.0,0.0,0.0,0.0,39760.6328125,33331.04296875,0.0,0.0,4168.93994140625,1700.0,0.0,1899.1844482421875,0.0,1068.5665283203125,0.0,0.0,0.0,40187.5048828125,0.0,0.0,14
1026.0,NH,32514.21484375,2.0,53.0,55.0,1.0,0.0,0.0,1865.6737830913748,0.0,0.0,0.0,0.0,0.0,0.0,40309.640625,34379.890625,0.0,0.0,4001.33447265625,1700.0,0.0,1647.1844482421875,0.0,1068.5665283203125,0.0,0.0,0.0,40187.5048828125,0.0,0.0,14
1026.0,NH,33563.0625,2.0,53.0,55.0,1.0,0.0,0.0,1865.6737830913748,0.0,0.0,0.0,0.0,0.0,0.0,40802.33203125,35428.734375,0.0,0.0,3833.728515625,1643.6937255859375,0.0,1395.184326171875,0.0,1068.5665283203125,0.0,0.0,0.0,40187.5048828125,0.0,0.0,14
1026.0,NH,34611.90625,2.0,53.0,55.0,1.0,0.0,0.0,1865.6737830913748,0.0,0.0,0.0,0.0,0.0,0.0,41249.1484375,36477.578125,0.0,0.0,3666.12353515625,1538.809326171875,0.0,1145.88427734375,0.0,1068.5665283203125,0.0,0.0,0.0,40187.5048828125,0.0,0.0,14
1026.0,NH,35660.75390625,2.0,53.0,55.0,1.0,0.0,0.0,1865.6737830913748,0.0,0.0,0.0,0.0,0.0,0.0,41694.17578125,37526.4296875,0.0,0.0,3498.517578125,1433.924560546875,0.0,894.7842407226562,0.0,1068.5665283203125,0.0,0.0,0.0,40187.5048828125,0.0,0.0,14
1026.0,NH,36709.59765625,2.0,53.0,55.0,1.0,0.0,0.0,1865.6737830913748,0.0,0.0,0.0,0.0,0.0,0.0,42138.29296875,38575.2734375,6.103515625e-05,0.0,3330.912353515625,1329.040283203125,0.0,642.7842407226562,0.0,1068.5665283203125,0.0,0.0,0.0,40187.5048828125,0.0,0.0,14
1026.0,NH,37758.44140625,2.0,53.0,55.0,1.0,0.0,0.0,1865.6737830913748,0.0,0.0,0.0,0.0,0.0,0.0,42582.41015625,39624.1171875,0.0,0.0,3163.30712890625,1224.1558837890625,0.0,390.78424072265625,0.0,1068.5665283203125,0.0,0.0,0.0,13395.8349609375,0.0,13128.1611328125,14
1026.0,NH,38807.2890625,2.0,53.0,55.0,1.0,0.0,0.0,1865.6737830913748,0.0,0.0,0.0,0.0,0.0,0.0,43026.52734375,40672.9609375,0.0,0.0,2995.701171875,1119.2711181640625,0.0,138.78424072265625,0.0,1068.5665283203125,0.0,0.0,0.0,13395.8349609375,0.0,13128.1611328125,14
1026.0,NH,39856.1328125,2.0,53.0,55.0,1.0,0.0,0.0,1865.6737830913748,0.0,0.0,0.0,0.0,0.0,0.0,43600.24609375,41721.8046875,0.0,0.0,2828.09619140625,1014.38671875,0.0,16.38446044921875,0.0,1068.5665283203125,0.0,0.0,0.0,13395.8349609375,0.0,13064.390625,14
1026.0,NH,40904.98046875,2.0,53.0,55.0,1.0,0.0,0.0,1865.6737830913748,0.0,0.0,0.0,0.0,0.0,0.0,44149.8984375,42770.65625,0.0,0.0,2660.490234375,909.501953125,0.0,0.0,0.0,0.0,938.480224609375,0.0,0.0,13395.8349609375,0.0,12997.2646484375,14
1026.0,NH,41953.82421875,2.0,53.0,55.0,1.0,0.0,0.0,1865.6737830913748,0.0,0.0,0.0,0.0,0.0,0.0,44846.015625,43819.5,0.0,0.0,2492.885009765625,804.6175537109375,0.0,0.0,0.0,0.0,938.480224609375,0.0,0.0,13395.8349609375,0.0,12926.7802734375,14
1026.0,NH,43002.671875,2.0,53.0,55.0,1.0,0.0,0.0,1865.6737830913748,0.0,0.0,0.0,0.0,0.0,0.0,45542.1328125,44868.34375,0.0,0.0,2325.279296875,699.7327880859375,0.0,0.0,0.0,0.0,938.480224609375,0.0,0.0,13395.8349609375,0.0,12852.94140625,14
1026.0,NH,44051.515625,2.0,53.0,55.0,1.0,0.0,0.0,1865.6737830913748,0.0,0.0,0.0,0.0,0.0,0.0,46238.25,45917.1875,0.0,0.0,2157.673828125,594.848388671875,0.0,0.0,0.0,0.0,938.480224609375,0.0,0.0,13395.8349609375,0.0,12775.7470703125,14
1026.0,NH,45100.36328125,2.0,53.0,55.0,1.0,0.0,0.0,1865.6737830913748,0.0,0.0,0.0,0.0,0.0,0.0,46934.375,46966.0390625,0.0,0.0,1990.068115234375,489.963623046875,0.0,0.0,0.0,0.0,938.480224609375,0.0,0.0,13395.8349609375,0.0,12695.1943359375,14
1026.0,NH,46149.20703125,2.0,53.0,55.0,1.0,0.0,0.0,1865.6737830913748,0.0,0.0,0.0,0.0,0.0,0.0,47630.4921875,48014.8828125,0.0,0.0,1822.462890625,385.079345703125,0.0,0.0,0.0,0.0,938.480224609375,0.0,0.0,13395.8349609375,0.0,12611.2880859375,14
1026.0,NH,47198.0546875,2.0,53.0,55.0,1.0,0.0,0.0,1865.6737830913748,0.0,0.0,0.0,0.0,0.0,0.0,48326.60546875,49063.7265625,0.0,0.0,1654.85693359375,280.194580078125,0.0,0.0,0.0,0.0,938.480224609375,0.0,0.0,13395.8349609375,0.0,12524.0263671875,14
1026.0,NH,48246.8984375,2.0,53.0,55.0,1.0,0.0,0.0,1865.6737830913748,0.0,0.0,0.0,0.0,0.0,0.0,48084.24609375,50112.5703125,0.0,0.0,1487.251708984375,175.3101806640625,0.0,0.0,0.0,0.0,0.0,0.0,0.0,13395.8349609375,0.0,12433.4052734375,14
1026.0,NH,49295.74609375,2.0,53.0,55.0,1.0,0.0,0.0,1865.6737830913748,0.0,0.0,0.0,0.0,0.0,0.0,48780.3671875,51161.421875,0.0,0.0,1319.64599609375,70.4254150390625,0.0,0.0,0.0,0.0,0.0,0.0,0.0,13395.8349609375,0.0,12339.4306640625,14
1026.0,NH,50344.58984375,2.0,53.0,55.0,1.0,0.0,0.0,1865.6737830913748,0.0,0.0,0.0,0.0,0.0,0.0,49476.484375,52210.265625,34.458984375,0.0,1152.040771484375,0.0,0.0,0.0,0.0,0.0,0.0,0.0,0.0,13395.8349609375,0.0,12242.0966796875,14
1026.0,NH,51393.4375,2.0,53.0,55.0,1.0,0.0,0.0,1865.6737830913748,0.0,0.0,0.0,0.0,0.0,0.0,50172.6015625,53259.109375,139.34375,0.0,984.434814453125,0.0,0.0,0.0,0.0,0.0,0.0,0.0,0.0,13395.8349609375,0.0,12120.84765625,14
1026.0,NH,52442.28125,2.0,53.0,55.0,1.0,0.0,0.0,1865.6737830913748,0.0,0.0,0.0,0.0,0.0,0.0,50868.71875,54307.953125,244.22802734375,0.0,816.82958984375,0.0,0.0,0.0,0.0,0.0,0.0,0.0,0.0,13395.8349609375,0.0,12016.3837890625,14
1026.0,NH,53491.12890625,2.0,53.0,55.0,1.0,0.0,0.0,1865.6737830913748,0.0,0.0,0.0,0.0,0.0,0.0,51564.84375,55356.8046875,349.11279296875,0.0,649.223876953125,0.0,0.0,0.0,0.0,0.0,0.0,0.0,0.0,13395.8349609375,0.0,11908.5615234375,14
1026.0,NH,54539.97265625,2.0,53.0,55.0,1.0,0.0,0.0,1865.6737830913748,0.0,0.0,0.0,0.0,0.0,0.0,52247.16015625,56405.6484375,467.796630859375,0.0,481.61865234375,0.0,0.0,0.0,0.0,0.0,0.0,0.0,0.0,13395.8349609375,0.0,11797.3837890625,14
1026.0,NH,55588.8203125,2.0,53.0,55.0,1.0,0.0,0.0,1865.6737830913748,0.0,0.0,0.0,0.0,0.0,0.0,52922.30078125,57454.4921875,593.658447265625,0.0,314.0126953125,0.0,0.0,0.0,0.0,0.0,0.0,0.0,0.0,13395.8349609375,0.0,11682.8515625,14
1026.0,NH,56637.6640625,2.0,53.0,55.0,1.0,0.0,0.0,1865.6737830913748,0.0,0.0,0.0,0.0,0.0,0.0,53597.44140625,58503.3359375,719.519775390625,0.0,146.4072265625,0.0,0.0,0.0,0.0,0.0,0.0,0.0,0.0,13395.8349609375,0.0,11564.9619140625,14
1026.0,NH,57686.51171875,2.0,53.0,55.0,1.0,0.0,0.0,1865.6737830913748,0.0,0.0,0.0,0.0,0.0,0.0,54293.7890625,59552.1875,845.38134765625,0.0,0.0,0.0,0.0,0.0,0.0,0.0,0.0,0.0,0.0,13395.8349609375,0.0,11443.7119140625,14
1026.0,NH,58735.35546875,2.0,53.0,55.0,1.0,0.0,0.0,1865.6737830913748,0.0,0.0,0.0,0.0,0.0,0.0,55136.53515625,60601.03125,971.24267578125,0.0,0.0,0.0,0.0,0.0,0.0,0.0,0.0,0.0,0.0,13395.8349609375,0.0,11319.11328125,14
1026.0,NH,59784.203125,2.0,53.0,55.0,1.0,0.0,0.0,1865.6737830913748,0.0,0.0,0.0,0.0,0.0,0.0,55979.27734375,61649.875,1097.1044921875,0.0,0.0,0.0,0.0,0.0,0.0,0.0,0.0,0.0,0.0,13395.8349609375,0.0,11191.1513671875,14
1026.0,NH,60833.046875,2.0,53.0,55.0,1.0,0.0,0.0,1865.6737830913748,0.0,0.0,0.0,0.0,0.0,0.0,56822.0234375,62698.71875,1222.965576171875,0.0,0.0,0.0,0.0,0.0,0.0,0.0,0.0,0.0,0.0,13395.8349609375,0.0,11059.8388671875,14
1026.0,NH,61881.89453125,2.0,53.0,55.0,1.0,0.0,0.0,1865.6737830913748,0.0,0.0,0.0,0.0,0.0,0.0,57664.77734375,63747.5703125,1348.827392578125,0.0,0.0,0.0,0.0,0.0,0.0,0.0,0.0,0.0,0.0,13395.8349609375,0.0,10925.1650390625,14
1026.0,NH,62930.73828125,2.0,53.0,55.0,1.0,0.0,0.0,1865.6737830913748,0.0,0.0,0.0,0.0,0.0,0.0,58507.5234375,64796.4140625,1474.6884765625,0.0,0.0,0.0,0.0,0.0,0.0,0.0,0.0,0.0,0.0,13395.8349609375,0.0,10787.13671875,14
1026.0,NH,63979.5859375,2.0,53.0,55.0,1.0,0.0,0.0,1865.6737830913748,0.0,0.0,0.0,0.0,0.0,0.0,59350.26953125,65845.2578125,1600.55029296875,0.0,0.0,0.0,0.0,0.0,0.0,0.0,0.0,0.0,0.0,13395.8349609375,0.0,10645.751953125,14
1026.0,NH,65028.4296875,2.0,53.0,55.0,1.0,0.0,0.0,1865.6737830913748,0.0,0.0,0.0,0.0,0.0,0.0,60193.015625,66894.1015625,1726.41162109375,0.0,0.0,0.0,0.0,0.0,0.0,0.0,0.0,0.0,0.0,13395.8349609375,0.0,10501.01171875,14
1026.0,NH,66077.2734375,2.0,53.0,55.0,1.0,0.0,0.0,1865.6737830913748,0.0,0.0,0.0,0.0,0.0,0.0,61035.76171875,67942.9453125,1852.272705078125,0.0,0.0,0.0,0.0,0.0,0.0,0.0,0.0,0.0,0.0,13395.8349609375,0.0,10352.9169921875,14
1026.0,NH,67126.125,2.0,53.0,55.0,1.0,0.0,0.0,1865.6737830913748,0.0,0.0,0.0,0.0,0.0,0.0,61878.515625,68991.796875,1978.135009765625,0.0,0.0,0.0,0.0,0.0,0.0,0.0,0.0,0.0,0.0,13395.8349609375,0.0,10201.4609375,14
1026.0,NH,68174.96875,2.0,53.0,55.0,1.0,0.0,0.0,1865.6737830913748,0.0,0.0,0.0,0.0,0.0,0.0,62721.2578125,70040.640625,2103.99609375,0.0,0.0,0.0,0.0,0.0,0.0,0.0,0.0,0.0,0.0,13395.8349609375,0.0,10019.3798828125,14
1026.0,NH,69223.8125,2.0,53.0,55.0,1.0,0.0,0.0,1865.6737830913748,0.0,0.0,0.0,0.0,0.0,0.0,63564.00390625,71089.484375,2229.857421875,0.0,0.0,0.0,0.0,0.0,0.0,0.0,0.0,0.0,0.0,13395.8349609375,0.0,9860.796875,14
1026.0,NH,70272.65625,2.0,53.0,55.0,1.0,0.0,0.0,1865.6737830913748,0.0,0.0,0.0,0.0,0.0,0.0,64406.75,72138.328125,2355.71875,0.0,0.0,0.0,0.0,0.0,0.0,0.0,0.0,0.0,0.0,13395.8349609375,0.0,9698.8544921875,14
1026.0,NH,71321.5078125,2.0,53.0,55.0,1.0,0.0,0.0,1865.6737830913748,0.0,0.0,0.0,0.0,0.0,0.0,65249.50390625,73187.1796875,2481.5810546875,0.0,0.0,0.0,0.0,0.0,0.0,0.0,0.0,0.0,0.0,13395.8349609375,0.0,9533.5556640625,14
1026.0,NH,72370.3515625,2.0,53.0,55.0,1.0,0.0,0.0,1865.6737830913748,0.0,0.0,0.0,0.0,0.0,0.0,66092.25,74236.0234375,2607.4423828125,0.0,0.0,0.0,0.0,0.0,0.0,0.0,0.0,0.0,0.0,13395.8349609375,0.0,9364.90234375,14
1026.0,NH,73419.1953125,2.0,53.0,55.0,1.0,0.0,0.0,1865.6737830913748,0.0,0.0,0.0,0.0,0.0,0.0,66935.0,75284.8671875,2733.30322265625,0.0,0.0,0.0,0.0,0.0,0.0,0.0,0.0,0.0,0.0,13395.8349609375,0.0,9192.8916015625,14
1026.0,NH,74468.0390625,2.0,53.0,55.0,1.0,0.0,0.0,1865.6737830913748,0.0,0.0,0.0,0.0,0.0,0.0,67777.7421875,76333.7109375,2859.16455078125,0.0,0.0,0.0,0.0,0.0,0.0,0.0,0.0,0.0,0.0,13395.8349609375,0.0,9017.5244140625,14
1026.0,NH,75516.8828125,2.0,53.0,55.0,1.0,0.0,0.0,1865.6737830913748,0.0,0.0,0.0,0.0,0.0,0.0,68620.484375,77382.5546875,2985.02587890625,0.0,0.0,0.0,0.0,0.0,0.0,0.0,0.0,0.0,0.0,13395.8349609375,0.0,8838.8017578125,14
1026.0,NH,76565.734375,2.0,53.0,55.0,1.0,0.0,0.0,1865.6737830913748,0.0,0.0,0.0,0.0,0.0,0.0,69463.2421875,78431.40625,3110.88818359375,0.0,0.0,0.0,0.0,0.0,0.0,0.0,0.0,0.0,0.0,13395.8349609375,0.0,8656.7216796875,14
1026.0,NH,77614.578125,2.0,53.0,55.0,1.0,0.0,0.0,1865.6737830913748,0.0,0.0,0.0,0.0,0.0,0.0,70305.984375,79480.25,3236.74951171875,0.0,0.0,0.0,0.0,0.0,0.0,0.0,0.0,0.0,0.0,13395.8349609375,0.0,8471.28515625,14
1026.0,NH,78663.421875,2.0,53.0,55.0,1.0,0.0,0.0,1865.6737830913748,0.0,0.0,0.0,0.0,0.0,0.0,71148.734375,80529.09375,3362.61083984375,0.0,0.0,0.0,0.0,0.0,0.0,0.0,0.0,0.0,0.0,13395.8349609375,0.0,8329.6923828125,14
1026.0,NH,79712.265625,2.0,53.0,55.0,1.0,0.0,0.0,1865.6737830913748,0.0,0.0,0.0,0.0,0.0,0.0,71991.4765625,81577.9375,3488.4716796875,0.0,0.0,0.0,0.0,0.0,0.0,0.0,0.0,0.0,0.0,13395.8349609375,0.0,8185.99951171875,14
1026.0,NH,80761.1171875,2.0,53.0,55.0,1.0,0.0,0.0,1865.6737830913748,0.0,0.0,0.0,0.0,0.0,0.0,72834.234375,82626.7890625,3614.333984375,0.0,0.0,0.0,0.0,0.0,0.0,0.0,0.0,0.0,0.0,13395.8349609375,0.0,8040.21044921875,14
1026.0,NH,81809.9609375,2.0,53.0,55.0,1.0,0.0,0.0,1865.6737830913748,0.0,0.0,0.0,0.0,0.0,0.0,73676.9765625,83675.6328125,3740.1953125,0.0,0.0,0.0,0.0,0.0,0.0,0.0,0.0,0.0,0.0,13395.8349609375,0.0,7892.32177734375,14
1026.0,NH,82858.8046875,2.0,53.0,55.0,1.0,0.0,0.0,1865.6737830913748,0.0,0.0,0.0,0.0,0.0,0.0,74519.71875,84724.4765625,3866.056640625,0.0,0.0,0.0,0.0,0.0,0.0,0.0,0.0,0.0,0.0,13395.8349609375,0.0,7742.337890625,14
1026.0,NH,83907.6484375,2.0,53.0,55.0,1.0,0.0,0.0,1865.6737830913748,0.0,0.0,0.0,0.0,0.0,0.0,75362.46875,85773.3203125,3991.91796875,0.0,0.0,0.0,0.0,0.0,0.0,0.0,0.0,0.0,0.0,13395.8349609375,0.0,7590.25634765625,14
1026.0,NH,84956.5,2.0,53.0,55.0,1.0,0.0,0.0,1865.6737830913748,0.0,0.0,0.0,0.0,0.0,0.0,76205.21875,86822.171875,4117.77978515625,0.0,0.0,0.0,0.0,0.0,0.0,0.0,0.0,0.0,0.0,13395.8349609375,0.0,7414.83447265625,14
1026.0,NH,86005.34375,2.0,53.0,55.0,1.0,0.0,0.0,1865.6737830913748,0.0,0.0,0.0,0.0,0.0,0.0,77047.96875,87871.015625,4243.64111328125,0.0,0.0,0.0,0.0,0.0,0.0,0.0,0.0,0.0,0.0,13395.8349609375,0.0,7258.29541015625,14
1026.0,NH,87054.1875,2.0,53.0,55.0,1.0,0.0,0.0,1865.6737830913748,0.0,0.0,0.0,0.0,0.0,0.0,77890.7109375,88919.859375,4369.50244140625,0.0,0.0,0.0,0.0,0.0,0.0,0.0,0.0,0.0,0.0,0.0,0.0,9451.658203125,14
1026.0,NH,88103.03125,2.0,53.0,55.0,1.0,0.0,0.0,1865.6737830913748,0.0,0.0,0.0,0.0,0.0,0.0,78733.453125,89968.703125,4495.36376953125,0.0,0.0,0.0,0.0,0.0,0.0,0.0,0.0,0.0,0.0,0.0,0.0,9290.921875,14
1026.0,NH,89151.8828125,2.0,53.0,55.0,1.0,0.0,0.0,1865.6737830913748,0.0,0.0,0.0,0.0,0.0,0.0,79576.2109375,91017.5546875,4621.22607421875,0.0,0.0,0.0,0.0,0.0,0.0,0.0,0.0,0.0,0.0,0.0,0.0,9128.0869140625,14
1026.0,NH,90200.7265625,2.0,53.0,55.0,1.0,0.0,0.0,1865.6737830913748,0.0,0.0,0.0,0.0,0.0,0.0,80418.953125,92066.3984375,4747.08740234375,0.0,0.0,0.0,0.0,0.0,0.0,0.0,0.0,0.0,0.0,0.0,0.0,8963.1572265625,14
1026.0,NH,91249.5703125,2.0,53.0,55.0,1.0,0.0,0.0,1865.6737830913748,0.0,0.0,0.0,0.0,0.0,0.0,81261.703125,93115.2421875,4872.9482421875,0.0,0.0,0.0,0.0,0.0,0.0,0.0,0.0,0.0,0.0,0.0,0.0,8796.12890625,14
1026.0,NH,92298.4140625,2.0,53.0,55.0,1.0,0.0,0.0,1865.6737830913748,0.0,0.0,0.0,0.0,0.0,0.0,82104.4453125,94164.0859375,4998.8095703125,0.0,0.0,0.0,0.0,0.0,0.0,0.0,0.0,0.0,0.0,0.0,0.0,8627.0029296875,14
1026.0,NH,93347.265625,2.0,53.0,55.0,1.0,0.0,0.0,1865.6737830913748,0.0,0.0,0.0,0.0,0.0,0.0,82947.203125,95212.9375,5124.671875,0.0,0.0,0.0,0.0,0.0,0.0,0.0,0.0,0.0,0.0,0.0,0.0,8455.779296875,14
1026.0,NH,94396.109375,2.0,53.0,55.0,1.0,0.0,0.0,1865.6737830913748,0.0,0.0,0.0,0.0,0.0,0.0,83789.9453125,96261.78125,5250.533203125,0.0,0.0,0.0,0.0,0.0,0.0,0.0,0.0,0.0,0.0,0.0,0.0,8282.4560546875,14
1026.0,NH,95444.953125,2.0,53.0,55.0,1.0,0.0,0.0,1865.6737830913748,0.0,0.0,0.0,0.0,0.0,0.0,84632.6875,97310.625,5376.39453125,0.0,0.0,0.0,0.0,0.0,0.0,0.0,0.0,0.0,0.0,0.0,0.0,8107.037109375,14
1026.0,NH,96493.796875,2.0,53.0,55.0,1.0,0.0,0.0,1865.6737830913748,0.0,0.0,0.0,0.0,0.0,0.0,85475.4375,98359.46875,5502.255859375,0.0,0.0,0.0,0.0,0.0,0.0,0.0,0.0,0.0,0.0,0.0,0.0,7929.52099609375,14
1026.0,NH,97542.6484375,2.0,53.0,55.0,1.0,0.0,0.0,1865.6737830913748,0.0,0.0,0.0,0.0,0.0,0.0,86318.1875,99408.3203125,5628.11767578125,0.0,0.0,0.0,0.0,0.0,0.0,0.0,0.0,0.0,0.0,0.0,0.0,7749.904296875,14
1026.0,NH,98591.4921875,2.0,53.0,55.0,1.0,0.0,0.0,1865.6737830913748,0.0,0.0,0.0,0.0,0.0,0.0,87160.9375,100457.1640625,5753.97900390625,0.0,0.0,0.0,0.0,0.0,0.0,0.0,0.0,0.0,0.0,0.0,0.0,7568.19287109375,14
1026.0,NH,99640.3359375,2.0,53.0,55.0,1.0,0.0,0.0,1865.6737830913748,0.0,0.0,0.0,0.0,0.0,0.0,88003.6796875,101506.0078125,5879.84033203125,0.0,0.0,0.0,0.0,0.0,0.0,0.0,0.0,0.0,0.0,0.0,0.0,7384.38330078125,14
1026.0,NH,100689.1796875,2.0,53.0,55.0,1.0,0.0,0.0,1865.6737830913748,0.0,0.0,0.0,0.0,0.0,0.0,88846.4296875,102554.8515625,6005.70166015625,0.0,0.0,0.0,0.0,0.0,0.0,0.0,0.0,0.0,0.0,0.0,0.0,7198.47607421875,14
1026.0,NH,101738.03125,2.0,53.0,55.0,1.0,0.0,0.0,1865.6737830913748,0.0,0.0,0.0,0.0,0.0,0.0,89689.1796875,103603.703125,6131.56396484375,0.0,0.0,0.0,0.0,0.0,0.0,0.0,0.0,0.0,0.0,0.0,0.0,6985.03564453125,14
1026.0,NH,102786.875,2.0,53.0,55.0,1.0,0.0,0.0,1865.6737830913748,0.0,0.0,0.0,0.0,0.0,0.0,90531.921875,104652.546875,6257.4248046875,0.0,0.0,0.0,0.0,0.0,0.0,0.0,0.0,0.0,0.0,0.0,0.0,6794.669921875,14
1026.0,NH,103835.71875,2.0,53.0,55.0,1.0,0.0,0.0,1865.6737830913748,0.0,0.0,0.0,0.0,0.0,0.0,91374.671875,105701.390625,6383.2861328125,0.0,0.0,0.0,0.0,0.0,0.0,0.0,0.0,0.0,0.0,0.0,0.0,6654.12353515625,14
1026.0,NH,104884.5625,2.0,53.0,55.0,1.0,0.0,0.0,1865.6737830913748,0.0,0.0,0.0,0.0,0.0,0.0,92217.421875,106750.234375,6509.1474609375,0.0,0.0,0.0,0.0,0.0,0.0,0.0,0.0,0.0,0.0,0.0,0.0,6564.97265625,14
1026.0,NH,105933.4140625,2.0,53.0,55.0,1.0,0.0,0.0,1865.6737830913748,0.0,0.0,0.0,0.0,0.0,0.0,93060.171875,107799.0859375,6635.009765625,0.0,0.0,0.0,0.0,0.0,0.0,0.0,0.0,0.0,0.0,0.0,0.0,6475.82080078125,14
1026.0,NH,106982.2578125,2.0,53.0,55.0,1.0,0.0,0.0,1865.6737830913748,0.0,0.0,0.0,0.0,0.0,0.0,93902.9140625,108847.9296875,6760.87109375,0.0,0.0,0.0,0.0,0.0,0.0,0.0,0.0,0.0,0.0,0.0,0.0,6386.66748046875,14
1026.0,NH,108031.1015625,2.0,53.0,55.0,1.0,0.0,0.0,1865.6737830913748,0.0,0.0,0.0,0.0,0.0,0.0,94745.6640625,109896.7734375,6886.732421875,0.0,0.0,0.0,0.0,0.0,0.0,0.0,0.0,0.0,0.0,0.0,0.0,6297.51611328125,14
1026.0,NH,109079.9453125,2.0,53.0,55.0,1.0,0.0,0.0,1865.6737830913748,0.0,0.0,0.0,0.0,0.0,0.0,95588.40625,110945.6171875,7012.59375,0.0,0.0,0.0,0.0,0.0,0.0,0.0,0.0,0.0,0.0,0.0,0.0,6208.36474609375,14
1026.0,NH,110128.796875,2.0,53.0,55.0,1.0,0.0,0.0,1865.6737830913748,0.0,0.0,0.0,0.0,0.0,0.0,96431.15625,111994.46875,7138.4560546875,0.0,0.0,0.0,0.0,0.0,0.0,0.0,0.0,0.0,0.0,0.0,0.0,6119.212890625,14
1026.0,NH,111177.640625,2.0,53.0,55.0,1.0,0.0,0.0,1865.6737830913748,0.0,0.0,0.0,0.0,0.0,0.0,97273.90625,113043.3125,7264.31640625,0.0,0.0,0.0,0.0,0.0,0.0,0.0,0.0,0.0,0.0,0.0,0.0,6030.06005859375,14
1026.0,NH,112226.484375,2.0,53.0,55.0,1.0,0.0,0.0,1865.6737830913748,0.0,0.0,0.0,0.0,0.0,0.0,98116.65625,114092.15625,7390.177734375,0.0,0.0,0.0,0.0,0.0,0.0,0.0,0.0,0.0,0.0,0.0,0.0,5940.90869140625,14
1026.0,NH,113275.328125,2.0,53.0,55.0,1.0,0.0,0.0,1865.6737830913748,0.0,0.0,0.0,0.0,0.0,0.0,98959.3984375,115141.0,7516.0390625,0.0,0.0,0.0,0.0,0.0,0.0,0.0,0.0,0.0,0.0,0.0,0.0,5851.75732421875,14
1026.0,NH,114324.171875,2.0,53.0,55.0,1.0,0.0,0.0,1865.6737830913748,0.0,0.0,0.0,0.0,0.0,0.0,99802.140625,116189.84375,7641.900390625,0.0,0.0,0.0,0.0,0.0,0.0,0.0,0.0,0.0,0.0,0.0,0.0,5762.60595703125,14
1026.0,NH,115373.0234375,2.0,53.0,55.0,1.0,0.0,0.0,1865.6737830913748,0.0,0.0,0.0,0.0,0.0,0.0,100644.8984375,117238.6953125,7767.7626953125,0.0,0.0,0.0,0.0,0.0,0.0,0.0,0.0,0.0,0.0,0.0,0.0,5673.45263671875,14
1026.0,NH,116421.8671875,2.0,53.0,55.0,1.0,0.0,0.0,1865.6737830913748,0.0,0.0,0.0,0.0,0.0,0.0,101487.640625,118287.5390625,7893.6240234375,0.0,0.0,0.0,0.0,0.0,0.0,0.0,0.0,0.0,0.0,0.0,0.0,5584.30126953125,14
1026.0,NH,117470.7109375,2.0,53.0,55.0,1.0,0.0,0.0,1865.6737830913748,0.0,0.0,0.0,0.0,0.0,0.0,102330.390625,119336.3828125,8019.4853515625,0.0,0.0,0.0,0.0,0.0,0.0,0.0,0.0,0.0,0.0,0.0,0.0,5495.14990234375,14
1026.0,NH,118519.5546875,2.0,53.0,55.0,1.0,0.0,0.0,1865.6737830913748,0.0,0.0,0.0,0.0,0.0,0.0,103173.1328125,120385.2265625,8145.3466796875,0.0,0.0,0.0,0.0,0.0,0.0,0.0,0.0,0.0,0.0,0.0,0.0,5405.998046875,14
1026.0,NH,119568.40625,2.0,53.0,55.0,1.0,0.0,0.0,1865.6737830913748,0.0,0.0,0.0,0.0,0.0,0.0,104015.890625,121434.078125,8271.208984375,0.0,0.0,0.0,0.0,0.0,0.0,0.0,0.0,0.0,0.0,0.0,0.0,5316.845703125,14
1026.0,NH,120617.25,2.0,53.0,55.0,1.0,0.0,0.0,1865.6737830913748,0.0,0.0,0.0,0.0,0.0,0.0,104858.6328125,122482.921875,8397.0703125,0.0,0.0,0.0,0.0,0.0,0.0,0.0,0.0,0.0,0.0,0.0,0.0,5227.693359375,14
1026.0,NH,121666.09375,2.0,53.0,55.0,1.0,0.0,0.0,1865.6737830913748,0.0,0.0,0.0,0.0,0.0,0.0,105701.375,123531.765625,8522.931640625,0.0,0.0,0.0,0.0,0.0,0.0,0.0,0.0,0.0,0.0,0.0,0.0,5138.54248046875,14
1026.0,NH,122714.9375,2.0,53.0,55.0,1.0,0.0,0.0,1865.6737830913748,0.0,0.0,0.0,0.0,0.0,0.0,106544.125,124580.609375,8648.79296875,0.0,0.0,0.0,0.0,0.0,0.0,0.0,0.0,0.0,0.0,0.0,0.0,5049.390625,14
1026.0,NH,123763.7890625,2.0,53.0,55.0,1.0,0.0,0.0,1865.6737830913748,0.0,0.0,0.0,0.0,0.0,0.0,107386.875,125629.4609375,8774.654296875,0.0,0.0,0.0,0.0,0.0,0.0,0.0,0.0,0.0,0.0,0.0,0.0,4960.23828125,14
1026.0,NH,124812.6328125,2.0,53.0,55.0,1.0,0.0,0.0,1865.6737830913748,0.0,0.0,0.0,0.0,0.0,0.0,108229.625,126678.3046875,8900.515625,0.0,0.0,0.0,0.0,0.0,0.0,0.0,0.0,0.0,0.0,0.0,0.0,4871.0859375,14
1026.0,NH,125861.4765625,2.0,53.0,55.0,1.0,0.0,0.0,1865.6737830913748,0.0,0.0,0.0,0.0,0.0,0.0,109072.3671875,127727.1484375,9026.376953125,0.0,0.0,0.0,0.0,0.0,0.0,0.0,0.0,0.0,0.0,0.0,0.0,4781.93505859375,14
1026.0,NH,126910.3203125,2.0,53.0,55.0,1.0,0.0,0.0,1865.6737830913748,0.0,0.0,0.0,0.0,0.0,0.0,109915.109375,128775.9921875,9152.23828125,0.0,0.0,0.0,0.0,0.0,0.0,0.0,0.0,0.0,0.0,0.0,0.0,4692.783203125,14
1026.0,NH,127959.171875,2.0,53.0,55.0,1.0,0.0,0.0,1865.6737830913748,0.0,0.0,0.0,0.0,0.0,0.0,110656.953125,129824.84375,9379.017578125,0.0,0.0,0.0,0.0,0.0,0.0,0.0,0.0,0.0,0.0,0.0,0.0,4603.630859375,14
1026.0,NH,129008.015625,2.0,53.0,55.0,1.0,0.0,0.0,1865.6737830913748,0.0,0.0,0.0,0.0,0.0,0.0,111394.8125,130873.6875,9609.763671875,0.0,0.0,0.0,0.0,0.0,0.0,0.0,0.0,0.0,0.0,0.0,0.0,4514.478515625,14
1026.0,NH,130056.859375,2.0,53.0,55.0,1.0,0.0,0.0,1865.6737830913748,0.0,0.0,0.0,0.0,0.0,0.0,112132.671875,131922.53125,9840.5087890625,0.0,0.0,0.0,0.0,0.0,0.0,0.0,0.0,0.0,0.0,0.0,0.0,4425.32763671875,14
1026.0,NH,131105.703125,2.0,53.0,55.0,1.0,0.0,0.0,1865.6737830913748,0.0,0.0,0.0,0.0,0.0,0.0,112870.53125,132971.375,10071.2548828125,0.0,0.0,0.0,0.0,0.0,0.0,0.0,0.0,0.0,0.0,0.0,0.0,4336.1748046875,14
1026.0,NH,132154.546875,2.0,53.0,55.0,1.0,0.0,0.0,1865.6737830913748,0.0,0.0,0.0,0.0,0.0,0.0,113608.390625,134020.21875,10302.0,0.0,0.0,0.0,0.0,0.0,0.0,0.0,0.0,0.0,0.0,0.0,0.0,4247.02392578125,14
1026.0,NH,133203.390625,2.0,53.0,55.0,1.0,0.0,0.0,1865.6737830913748,0.0,0.0,0.0,0.0,0.0,0.0,114346.2578125,135069.0625,10532.74609375,0.0,0.0,0.0,0.0,0.0,0.0,0.0,0.0,0.0,0.0,0.0,0.0,4157.87158203125,14
1026.0,NH,134252.25,2.0,53.0,55.0,1.0,0.0,0.0,1865.6737830913748,0.0,0.0,0.0,0.0,0.0,0.0,115084.125,136117.921875,10763.4951171875,0.0,0.0,0.0,0.0,0.0,0.0,0.0,0.0,0.0,0.0,0.0,0.0,4068.718505859375,14
1026.0,NH,135301.09375,2.0,53.0,55.0,1.0,0.0,0.0,1865.6737830913748,0.0,0.0,0.0,0.0,0.0,0.0,115821.9921875,137166.765625,10994.240234375,0.0,0.0,0.0,0.0,0.0,0.0,0.0,0.0,0.0,0.0,0.0,0.0,3979.5673828125,14
1026.0,NH,136349.9375,2.0,53.0,55.0,1.0,0.0,0.0,1865.6737830913748,0.0,0.0,0.0,0.0,0.0,0.0,116559.8515625,138215.609375,11224.986328125,0.0,0.0,0.0,0.0,0.0,0.0,0.0,0.0,0.0,0.0,0.0,0.0,3890.414794921875,14
1026.0,NH,137398.78125,2.0,53.0,55.0,1.0,0.0,0.0,1865.6737830913748,0.0,0.0,0.0,0.0,0.0,0.0,117297.71875,139264.453125,11455.7314453125,0.0,0.0,0.0,0.0,0.0,0.0,0.0,0.0,0.0,0.0,0.0,0.0,3801.263671875,14
1026.0,NH,138447.625,2.0,53.0,55.0,1.0,0.0,0.0,1865.6737830913748,0.0,0.0,0.0,0.0,0.0,0.0,118035.578125,140313.296875,11686.4775390625,0.0,0.0,0.0,0.0,0.0,0.0,0.0,0.0,0.0,0.0,0.0,0.0,3712.112548828125,14
1026.0,NH,139496.46875,2.0,53.0,55.0,1.0,0.0,0.0,1865.6737830913748,0.0,0.0,0.0,0.0,0.0,0.0,118773.4375,141362.140625,11917.22265625,0.0,0.0,0.0,0.0,0.0,0.0,0.0,0.0,0.0,0.0,0.0,0.0,3622.9599609375,14
1026.0,NH,140545.3125,2.0,53.0,55.0,1.0,0.0,0.0,1865.6737830913748,0.0,0.0,0.0,0.0,0.0,0.0,119511.296875,142410.984375,12147.96875,0.0,0.0,0.0,0.0,0.0,0.0,0.0,0.0,0.0,0.0,0.0,0.0,3533.808837890625,14
1026.0,NH,141594.15625,2.0,53.0,55.0,1.0,0.0,0.0,1865.6737830913748,0.0,0.0,0.0,0.0,0.0,0.0,120249.15625,143459.828125,12378.71484375,0.0,0.0,0.0,0.0,0.0,0.0,0.0,0.0,0.0,0.0,0.0,0.0,3444.656982421875,14
1026.0,NH,142643.015625,2.0,53.0,55.0,1.0,0.0,0.0,1865.6737830913748,0.0,0.0,0.0,0.0,0.0,0.0,120987.03125,144508.6875,12609.4638671875,0.0,0.0,0.0,0.0,0.0,0.0,0.0,0.0,0.0,0.0,0.0,0.0,3355.503662109375,14
1026.0,NH,143691.859375,2.0,53.0,55.0,1.0,0.0,0.0,1865.6737830913748,0.0,0.0,0.0,0.0,0.0,0.0,121724.890625,145557.53125,12840.208984375,0.0,0.0,0.0,0.0,0.0,0.0,0.0,0.0,0.0,0.0,0.0,0.0,3266.351806640625,14
1026.0,NH,144740.703125,2.0,53.0,55.0,1.0,0.0,0.0,1865.6737830913748,0.0,0.0,0.0,0.0,0.0,0.0,122462.7578125,146606.375,13070.955078125,0.0,0.0,0.0,0.0,0.0,0.0,0.0,0.0,0.0,0.0,0.0,0.0,3177.199951171875,14
1026.0,NH,145789.546875,2.0,53.0,55.0,1.0,0.0,0.0,1865.6737830913748,0.0,0.0,0.0,0.0,0.0,0.0,123200.6171875,147655.21875,13301.7001953125,0.0,0.0,0.0,0.0,0.0,0.0,0.0,0.0,0.0,0.0,0.0,0.0,3088.048828125,14
1026.0,NH,146838.390625,2.0,53.0,55.0,1.0,0.0,0.0,1865.6737830913748,0.0,0.0,0.0,0.0,0.0,0.0,123938.484375,148704.0625,13532.4462890625,0.0,0.0,0.0,0.0,0.0,0.0,0.0,0.0,0.0,0.0,0.0,0.0,2998.896240234375,14
1026.0,NH,147887.234375,2.0,53.0,55.0,1.0,0.0,0.0,1865.6737830913748,0.0,0.0,0.0,0.0,0.0,0.0,124676.34375,149752.90625,13763.19140625,0.0,0.0,0.0,0.0,0.0,0.0,0.0,0.0,0.0,0.0,0.0,0.0,2909.7451171875,14
1026.0,NH,148936.078125,2.0,53.0,55.0,1.0,0.0,0.0,1865.6737830913748,0.0,0.0,0.0,0.0,0.0,0.0,125414.203125,150801.75,13993.9375,0.0,0.0,0.0,0.0,0.0,0.0,0.0,0.0,0.0,0.0,0.0,0.0,2820.593994140625,14
1026.0,NH,149984.921875,2.0,53.0,55.0,1.0,0.0,0.0,1865.6737830913748,0.0,0.0,0.0,0.0,0.0,0.0,126152.0625,151850.59375,14224.6826171875,0.0,0.0,0.0,0.0,0.0,0.0,0.0,0.0,0.0,0.0,0.0,0.0,2731.44140625,14
1026.0,NH,151033.765625,2.0,53.0,55.0,1.0,0.0,0.0,1865.6737830913748,0.0,0.0,0.0,0.0,0.0,0.0,126889.921875,152899.4375,14455.427734375,0.0,0.0,0.0,0.0,0.0,0.0,0.0,0.0,0.0,0.0,0.0,0.0,2642.2900390625,14
1026.0,NH,152082.625,2.0,53.0,55.0,1.0,0.0,0.0,1865.6737830913748,0.0,0.0,0.0,0.0,0.0,0.0,127627.796875,153948.296875,14686.177734375,0.0,0.0,0.0,0.0,0.0,0.0,0.0,0.0,0.0,0.0,0.0,0.0,2553.13671875,14
1026.0,NH,153131.46875,2.0,53.0,55.0,1.0,0.0,0.0,1865.6737830913748,0.0,0.0,0.0,0.0,0.0,0.0,128365.65625,154997.140625,14916.923828125,0.0,0.0,0.0,0.0,0.0,0.0,0.0,0.0,0.0,0.0,0.0,0.0,2463.9853515625,14
1026.0,NH,154180.3125,2.0,53.0,55.0,1.0,0.0,0.0,1865.6737830913748,0.0,0.0,0.0,0.0,0.0,0.0,129103.5234375,156045.984375,15147.66796875,0.0,0.0,0.0,0.0,0.0,0.0,0.0,0.0,0.0,0.0,0.0,0.0,2374.8330078125,14
1026.0,NH,155229.15625,2.0,53.0,55.0,1.0,0.0,0.0,1865.6737830913748,0.0,0.0,0.0,0.0,0.0,0.0,129841.3828125,157094.828125,15378.4140625,0.0,0.0,0.0,0.0,0.0,0.0,0.0,0.0,0.0,0.0,0.0,0.0,2285.681640625,14
1026.0,NH,156278.0,2.0,53.0,55.0,1.0,0.0,0.0,1865.6737830913748,0.0,0.0,0.0,0.0,0.0,0.0,130579.2421875,158143.671875,15609.16015625,0.0,0.0,0.0,0.0,0.0,0.0,0.0,0.0,0.0,0.0,0.0,0.0,2196.5302734375,14
1026.0,NH,157326.84375,2.0,53.0,55.0,1.0,0.0,0.0,1865.6737830913748,0.0,0.0,0.0,0.0,0.0,0.0,131317.109375,159192.515625,15839.90625,0.0,0.0,0.0,0.0,0.0,0.0,0.0,0.0,0.0,0.0,0.0,0.0,2107.378173828125,14
1026.0,NH,158375.6875,2.0,53.0,55.0,1.0,0.0,0.0,1865.6737830913748,0.0,0.0,0.0,0.0,0.0,0.0,132054.96875,160241.359375,16070.650390625,0.0,0.0,0.0,0.0,0.0,0.0,0.0,0.0,0.0,0.0,0.0,0.0,2018.2265625,14
1026.0,NH,159424.53125,2.0,53.0,55.0,1.0,0.0,0.0,1865.6737830913748,0.0,0.0,0.0,0.0,0.0,0.0,132792.828125,161290.203125,16301.396484375,0.0,0.0,0.0,0.0,0.0,0.0,0.0,0.0,0.0,0.0,0.0,0.0,1929.0750732421875,14
1026.0,NH,160473.390625,2.0,53.0,55.0,1.0,0.0,0.0,1865.6737830913748,0.0,0.0,0.0,0.0,0.0,0.0,133530.703125,162339.0625,16532.146484375,0.0,0.0,0.0,0.0,0.0,0.0,0.0,0.0,0.0,0.0,0.0,0.0,1839.9217529296875,14
1026.0,NH,161522.234375,2.0,53.0,55.0,1.0,0.0,0.0,1865.6737830913748,0.0,0.0,0.0,0.0,0.0,0.0,134268.5625,163387.90625,16762.890625,0.0,0.0,0.0,0.0,0.0,0.0,0.0,0.0,0.0,0.0,0.0,0.0,1750.7706298828125,14
1026.0,NH,162571.078125,2.0,53.0,55.0,1.0,0.0,0.0,1865.6737830913748,0.0,0.0,0.0,0.0,0.0,0.0,135006.421875,164436.75,16993.63671875,0.0,0.0,0.0,0.0,0.0,0.0,0.0,0.0,0.0,0.0,0.0,0.0,1661.6180419921875,14
1026.0,NH,163619.921875,2.0,53.0,55.0,1.0,0.0,0.0,1865.6737830913748,0.0,0.0,0.0,0.0,0.0,0.0,135744.28125,165485.59375,17224.3828125,0.0,0.0,0.0,0.0,0.0,0.0,0.0,0.0,0.0,0.0,0.0,0.0,1572.4669189453125,14
1026.0,NH,164668.765625,2.0,53.0,55.0,1.0,0.0,0.0,1865.6737830913748,0.0,0.0,0.0,0.0,0.0,0.0,136482.15625,166534.4375,17455.12890625,0.0,0.0,0.0,0.0,0.0,0.0,0.0,0.0,0.0,0.0,0.0,0.0,1483.3143310546875,14
1026.0,NH,165717.609375,2.0,53.0,55.0,1.0,0.0,0.0,1865.6737830913748,0.0,0.0,0.0,0.0,0.0,0.0,137220.015625,167583.28125,17685.875,0.0,0.0,0.0,0.0,0.0,0.0,0.0,0.0,0.0,0.0,0.0,0.0,1394.1632080078125,14
1026.0,NH,166766.453125,2.0,53.0,55.0,1.0,0.0,0.0,1865.6737830913748,0.0,0.0,0.0,0.0,0.0,0.0,137957.875,168632.125,17916.619140625,0.0,0.0,0.0,0.0,0.0,0.0,0.0,0.0,0.0,0.0,0.0,0.0,1305.01171875,14
1026.0,NH,167815.296875,2.0,53.0,55.0,1.0,0.0,0.0,1865.6737830913748,0.0,0.0,0.0,0.0,0.0,0.0,138695.734375,169680.96875,18147.365234375,0.0,0.0,0.0,0.0,0.0,0.0,0.0,0.0,0.0,0.0,0.0,0.0,1215.859375,14
1026.0,NH,168864.15625,2.0,53.0,55.0,1.0,0.0,0.0,1865.6737830913748,0.0,0.0,0.0,0.0,0.0,0.0,139433.609375,170729.828125,18378.115234375,0.0,0.0,0.0,0.0,0.0,0.0,0.0,0.0,0.0,0.0,0.0,0.0,1126.70703125,14
1026.0,NH,169913.0,2.0,53.0,55.0,1.0,0.0,0.0,1865.6737830913748,0.0,0.0,0.0,0.0,0.0,0.0,140171.46875,171778.671875,18608.859375,0.0,0.0,0.0,0.0,0.0,0.0,0.0,0.0,0.0,0.0,0.0,0.0,1037.5546875,14
1026.0,NH,170961.84375,2.0,53.0,55.0,1.0,0.0,0.0,1865.6737830913748,0.0,0.0,0.0,0.0,0.0,0.0,140909.328125,172827.515625,18839.60546875,0.0,0.0,0.0,0.0,0.0,0.0,0.0,0.0,0.0,0.0,0.0,0.0,948.4033813476562,14
1026.0,NH,172010.6875,2.0,53.0,55.0,1.0,0.0,0.0,1865.6737830913748,0.0,0.0,0.0,0.0,0.0,0.0,141647.1875,173876.359375,19070.3515625,0.0,0.0,0.0,0.0,0.0,0.0,0.0,0.0,0.0,0.0,0.0,0.0,859.2518920898438,14
1026.0,NH,173059.53125,2.0,53.0,55.0,1.0,0.0,0.0,1865.6737830913748,0.0,0.0,0.0,0.0,0.0,0.0,142385.046875,174925.203125,19301.09765625,0.0,0.0,0.0,0.0,0.0,0.0,0.0,0.0,0.0,0.0,0.0,0.0,770.0996704101562,14
1026.0,NH,174108.375,2.0,53.0,55.0,1.0,0.0,0.0,1865.6737830913748,0.0,0.0,0.0,0.0,0.0,0.0,143122.90625,175974.046875,19531.841796875,0.0,0.0,0.0,0.0,0.0,0.0,0.0,0.0,0.0,0.0,0.0,0.0,680.9482421875,14
1026.0,NH,175157.21875,2.0,53.0,55.0,1.0,0.0,0.0,1865.6737830913748,0.0,0.0,0.0,0.0,0.0,0.0,143860.78125,177022.890625,19762.587890625,0.0,0.0,0.0,0.0,0.0,0.0,0.0,0.0,0.0,0.0,0.0,0.0,591.796875,14
1026.0,NH,176206.0625,2.0,53.0,55.0,1.0,0.0,0.0,1865.6737830913748,0.0,0.0,0.0,0.0,0.0,0.0,144605.21875,178071.734375,19993.333984375,0.0,0.0,0.0,0.0,0.0,0.0,0.0,0.0,0.0,0.0,0.0,0.0,502.6445617675781,14
1026.0,NH,177254.921875,2.0,53.0,55.0,1.0,0.0,0.0,1865.6737830913748,0.0,0.0,0.0,0.0,0.0,0.0,145408.125,179120.59375,20224.08203125,0.0,0.0,0.0,0.0,0.0,0.0,0.0,0.0,0.0,0.0,0.0,0.0,413.4912414550781,14
1026.0,NH,178303.765625,2.0,53.0,55.0,1.0,0.0,0.0,1865.6737830913748,0.0,0.0,0.0,0.0,0.0,0.0,146211.0,180169.4375,20454.828125,0.0,0.0,0.0,0.0,0.0,0.0,0.0,0.0,0.0,0.0,0.0,0.0,324.33984375,14
1026.0,NH,179352.609375,2.0,53.0,55.0,1.0,0.0,0.0,1865.6737830913748,0.0,0.0,0.0,0.0,0.0,0.0,147013.890625,181218.28125,20685.57421875,0.0,0.0,0.0,0.0,0.0,0.0,0.0,0.0,0.0,0.0,0.0,0.0,235.18849182128906,14
1026.0,NH,180401.453125,2.0,53.0,55.0,1.0,0.0,0.0,1865.6737830913748,0.0,0.0,0.0,0.0,0.0,0.0,147816.78125,182267.125,20916.3203125,0.0,0.0,0.0,0.0,0.0,0.0,0.0,0.0,0.0,0.0,0.0,0.0,146.0361328125,14
1026.0,NH,181450.296875,2.0,53.0,55.0,1.0,0.0,0.0,1865.6737830913748,0.0,0.0,0.0,0.0,0.0,0.0,148619.671875,183315.96875,21147.064453125,0.0,0.0,0.0,0.0,0.0,0.0,0.0,0.0,0.0,0.0,0.0,0.0,56.884769439697266,14
1026.0,NH,182499.140625,2.0,53.0,55.0,1.0,0.0,0.0,1865.6737830913748,0.0,0.0,0.0,0.0,0.0,0.0,149422.5625,184364.8125,21377.810546875,0.0,0.0,0.0,0.0,0.0,0.0,0.0,0.0,0.0,0.0,0.0,0.0,0.0,14
1026.0,NH,183547.984375,2.0,53.0,55.0,1.0,0.0,0.0,1865.6737830913748,0.0,0.0,0.0,0.0,0.0,0.0,150225.453125,185413.65625,21608.556640625,0.0,0.0,0.0,0.0,0.0,0.0,0.0,0.0,0.0,0.0,0.0,0.0,0.0,14
1026.0,NH,184596.828125,2.0,53.0,55.0,1.0,0.0,0.0,1865.6737830913748,0.0,0.0,0.0,0.0,0.0,0.0,151028.34375,186462.5,21839.302734375,0.0,0.0,0.0,0.0,0.0,0.0,0.0,0.0,0.0,0.0,0.0,0.0,0.0,14
1026.0,NH,185645.6875,2.0,53.0,55.0,1.0,0.0,0.0,1865.6737830913748,0.0,0.0,0.0,0.0,0.0,0.0,151831.25,187511.359375,22070.05078125,0.0,0.0,0.0,0.0,0.0,0.0,0.0,0.0,0.0,0.0,0.0,0.0,0.0,14
1026.0,NH,186694.53125,2.0,53.0,55.0,1.0,0.0,0.0,1865.6737830913748,0.0,0.0,0.0,0.0,0.0,0.0,152634.140625,188560.203125,22300.796875,0.0,0.0,0.0,0.0,0.0,0.0,0.0,0.0,0.0,0.0,0.0,0.0,0.0,14
1026.0,NH,187743.375,2.0,53.0,55.0,1.0,0.0,0.0,1865.6737830913748,0.0,0.0,0.0,0.0,0.0,0.0,153437.03125,189609.046875,22531.54296875,0.0,0.0,0.0,0.0,0.0,0.0,0.0,0.0,0.0,0.0,0.0,0.0,0.0,14
1026.0,NH,188792.21875,2.0,53.0,55.0,1.0,0.0,0.0,1865.6737830913748,0.0,0.0,0.0,0.0,0.0,0.0,154239.90625,190657.890625,22762.2890625,0.0,0.0,0.0,0.0,0.0,0.0,0.0,0.0,0.0,0.0,0.0,0.0,0.0,14
1026.0,NH,189841.0625,2.0,53.0,55.0,1.0,0.0,0.0,1865.6737830913748,0.0,0.0,0.0,0.0,0.0,0.0,155042.8125,191706.734375,22993.033203125,0.0,0.0,0.0,0.0,0.0,0.0,0.0,0.0,0.0,0.0,0.0,0.0,0.0,14
1026.0,NH,190889.90625,2.0,53.0,55.0,1.0,0.0,0.0,1865.6737830913748,0.0,0.0,0.0,0.0,0.0,0.0,155845.6875,192755.578125,23223.779296875,0.0,0.0,0.0,0.0,0.0,0.0,0.0,0.0,0.0,0.0,0.0,0.0,0.0,14
1026.0,NH,191938.75,2.0,53.0,55.0,1.0,0.0,0.0,1865.6737830913748,0.0,0.0,0.0,0.0,0.0,0.0,156648.59375,193804.421875,23454.525390625,0.0,0.0,0.0,0.0,0.0,0.0,0.0,0.0,0.0,0.0,0.0,0.0,0.0,14
1026.0,NH,192987.59375,2.0,53.0,55.0,1.0,0.0,0.0,1865.6737830913748,0.0,0.0,0.0,0.0,0.0,0.0,157451.46875,194853.265625,23685.271484375,0.0,0.0,0.0,0.0,0.0,0.0,0.0,0.0,0.0,0.0,0.0,0.0,0.0,14
1026.0,NH,194036.4375,2.0,53.0,55.0,1.0,0.0,0.0,1865.6737830913748,0.0,0.0,0.0,0.0,0.0,0.0,158254.375,195902.109375,23916.015625,0.0,0.0,0.0,0.0,0.0,0.0,0.0,0.0,0.0,0.0,0.0,0.0,0.0,14
1026.0,NH,195085.296875,2.0,53.0,55.0,1.0,0.0,0.0,1865.6737830913748,0.0,0.0,0.0,0.0,0.0,0.0,159057.265625,196950.96875,24146.765625,0.0,0.0,0.0,0.0,0.0,0.0,0.0,0.0,0.0,0.0,0.0,0.0,0.0,14
1026.0,NH,196134.140625,2.0,53.0,55.0,1.0,0.0,0.0,1865.6737830913748,0.0,0.0,0.0,0.0,0.0,0.0,159860.15625,197999.8125,24377.51171875,0.0,0.0,0.0,0.0,0.0,0.0,0.0,0.0,0.0,0.0,0.0,0.0,0.0,14
1026.0,NH,197182.984375,2.0,53.0,55.0,1.0,0.0,0.0,1865.6737830913748,0.0,0.0,0.0,0.0,0.0,0.0,160663.046875,199048.65625,24608.255859375,0.0,0.0,0.0,0.0,0.0,0.0,0.0,0.0,0.0,0.0,0.0,0.0,0.0,14
1026.0,NH,198231.828125,2.0,53.0,55.0,1.0,0.0,0.0,1865.6737830913748,0.0,0.0,0.0,0.0,0.0,0.0,161465.9375,200097.5,24839.001953125,0.0,0.0,0.0,0.0,0.0,0.0,0.0,0.0,0.0,0.0,0.0,0.0,0.0,14
1026.0,NH,199280.671875,2.0,53.0,55.0,1.0,0.0,0.0,1865.6737830913748,0.0,0.0,0.0,0.0,0.0,0.0,162268.828125,201146.34375,25069.748046875,0.0,0.0,0.0,0.0,0.0,0.0,0.0,0.0,0.0,0.0,0.0,0.0,0.0,14
1026.0,NH,200329.515625,2.0,53.0,55.0,1.0,0.0,0.0,1865.6737830913748,0.0,0.0,0.0,0.0,0.0,0.0,163071.71875,202195.1875,25300.494140625,0.0,0.0,0.0,0.0,0.0,0.0,0.0,0.0,0.0,0.0,0.0,0.0,0.0,14
1026.0,NH,201378.359375,2.0,53.0,55.0,1.0,0.0,0.0,1865.6737830913748,0.0,0.0,0.0,0.0,0.0,0.0,163874.609375,203244.03125,25531.23828125,0.0,0.0,0.0,0.0,0.0,0.0,0.0,0.0,0.0,0.0,0.0,0.0,0.0,14
1026.0,NH,202427.203125,2.0,53.0,55.0,1.0,0.0,0.0,1865.6737830913748,0.0,0.0,0.0,0.0,0.0,0.0,164677.5,204292.875,25761.984375,0.0,0.0,0.0,0.0,0.0,0.0,0.0,0.0,0.0,0.0,0.0,0.0,0.0,14
1026.0,NH,203476.0625,2.0,53.0,55.0,1.0,0.0,0.0,1865.6737830913748,0.0,0.0,0.0,0.0,0.0,0.0,165480.40625,205341.734375,25992.734375,0.0,0.0,0.0,0.0,0.0,0.0,0.0,0.0,0.0,0.0,0.0,0.0,0.0,14
1026.0,NH,204524.90625,2.0,53.0,55.0,1.0,0.0,0.0,1865.6737830913748,0.0,0.0,0.0,0.0,0.0,0.0,166283.28125,206390.578125,26223.478515625,0.0,0.0,0.0,0.0,0.0,0.0,0.0,0.0,0.0,0.0,0.0,0.0,0.0,14
1026.0,NH,205573.75,2.0,53.0,55.0,1.0,0.0,0.0,1865.6737830913748,0.0,0.0,0.0,0.0,0.0,0.0,167086.1875,207439.421875,26454.224609375,0.0,0.0,0.0,0.0,0.0,0.0,0.0,0.0,0.0,0.0,0.0,0.0,0.0,14
1026.0,NH,206622.59375,2.0,53.0,55.0,1.0,0.0,0.0,1865.6737830913748,0.0,0.0,0.0,0.0,0.0,0.0,167889.0625,208488.265625,26684.970703125,0.0,0.0,0.0,0.0,0.0,0.0,0.0,0.0,0.0,0.0,0.0,0.0,0.0,14
1026.0,NH,207671.4375,2.0,53.0,55.0,1.0,0.0,0.0,1865.6737830913748,0.0,0.0,0.0,0.0,0.0,0.0,168691.953125,209537.109375,26915.716796875,0.0,0.0,0.0,0.0,0.0,0.0,0.0,0.0,0.0,0.0,0.0,0.0,0.0,14
1026.0,NH,208720.28125,2.0,53.0,55.0,1.0,0.0,0.0,1865.6737830913748,0.0,0.0,0.0,0.0,0.0,0.0,169494.84375,210585.953125,27146.4609375,0.0,0.0,0.0,0.0,0.0,0.0,0.0,0.0,0.0,0.0,0.0,0.0,0.0,14
1026.0,NH,209769.125,2.0,53.0,55.0,1.0,0.0,0.0,1865.6737830913748,0.0,0.0,0.0,0.0,0.0,0.0,170297.734375,211634.796875,27377.20703125,0.0,0.0,0.0,0.0,0.0,0.0,0.0,0.0,0.0,0.0,0.0,0.0,0.0,14
