index,is_married,tax_unit_children,state_code,adjusted_gross_income,real_estate_taxes,state_and_local_sales_or_income_tax,salt,income_tax_current_law,income_tax_current_policy_tcja_extended,income_tax_current_policy_tcja_extended_with_25k_salt_cap,tax_diff_tcja_vs_current,tax_diff_25k_vs_tcja
51,0.0,0.0,ME,53.0,0.0,421.0,421.0,0.0,0.0,0.0,0.0,0.0
97,1.0,1.0,ME,2528150.0,11052.0,178588.0,189640.0,844412.0,836907.0,836907.0,-7505.0,0.0
166,0.0,0.0,NH,118503.0,0.0,0.0,0.0,9833.0,7983.0,7983.0,-1850.0,0.0
250,1.0,0.0,VT,224508.0,6842.0,10691.0,17533.0,36694.0,31814.0,31814.0,-4880.0,0.0
426,1.0,0.0,MA,242836.0,39471.0,11702.0,51173.0,28529.0,27908.0,27908.0,-621.0,0.0
447,0.0,0.0,MA,11494.0,0.0,1232.0,1232.0,-0.0,-0.0,-0.0,0.0,0.0
453,0.0,0.0,MA,232017.0,1737.0,11161.0,12898.0,40787.0,34649.0,34649.0,-6138.0,0.0
500,1.0,2.0,MA,125884.0,1526.0,5854.0,7380.0,9592.0,6417.0,6417.0,-3175.0,0.0
501,1.0,0.0,MA,285391.0,4789.0,14187.0,18976.0,53364.0,45400.0,45400.0,-7964.0,0.0
544,0.0,1.0,MA,31757.0,0.0,1368.0,1368.0,-1453.0,-1973.0,-1973.0,-520.0,0.0
574,0.0,0.0,MA,155745.0,0.0,7347.0,7347.0,20626.0,16969.0,16969.0,-3657.0,0.0
584,0.0,0.0,MA,205778.0,7894.0,10069.0,17963.0,41985.0,38432.0,37793.0,-3553.0,-639.0
615,0.0,0.0,MA,0.0,0.0,1103.0,1103.0,0.0,0.0,0.0,0.0,0.0
656,1.0,0.0,MA,7593.0,0.0,1343.0,1343.0,0.0,0.0,0.0,0.0,0.0
753,1.0,1.0,MA,103456.0,0.0,4733.0,4733.0,8428.0,6257.0,6257.0,-2171.0,0.0
866,1.0,2.0,CT,205697.0,19472.0,8577.0,28049.0,28022.0,24165.0,24165.0,-3857.0,0.0
881,0.0,0.0,CT,105382.0,0.0,4221.0,4221.0,17408.0,14645.0,14645.0,-2763.0,0.0
926,0.0,0.0,CT,205483.0,3316.0,8152.0,11467.0,32483.0,27419.0,27419.0,-5064.0,0.0
1002,0.0,0.0,CT,24483.0,0.0,362.0,362.0,888.0,718.0,718.0,-170.0,0.0
1023,0.0,0.0,CT,7533.0,0.0,519.0,519.0,0.0,0.0,0.0,0.0,0.0
1087,0.0,0.0,NY,36052.0,16315.0,1378.0,17692.0,858.0,2001.0,1422.0,1143.0,-579.0
1104,0.0,1.0,NY,79515.0,0.0,3768.0,3768.0,6859.0,4410.0,4410.0,-2449.0,0.0
1156,1.0,0.0,NY,30964.0,0.0,1124.0,1124.0,376.0,36.0,36.0,-340.0,0.0
1209,1.0,0.0,NY,439651.0,0.0,24289.0,24289.0,103944.0,73266.0,73266.0,-30678.0,0.0
1215,1.0,0.0,NY,144615.0,3947.0,6898.0,10846.0,17454.0,14011.0,14011.0,-3443.0,0.0
1235,0.0,0.0,NY,122546.0,0.0,6304.0,6304.0,21699.0,18456.0,18456.0,-3243.0,0.0
1256,0.0,1.0,NY,29407.0,0.0,1012.0,1012.0,-3865.0,-4885.0,-4885.0,-1020.0,0.0
1286,0.0,0.0,NY,31464.0,0.0,1817.0,1817.0,2072.0,1697.0,1697.0,-375.0,0.0
1295,0.0,0.0,NY,19907.0,0.0,1207.0,1207.0,426.0,256.0,256.0,-170.0,0.0
1415,1.0,5.0,NY,45965.0,2895.0,2036.0,4930.0,-10075.0,-11595.0,-11595.0,-1520.0,0.0
1446,0.0,0.0,NY,37335.0,0.0,3291.0,3291.0,2953.0,2401.0,2401.0,-552.0,0.0
1485,1.0,1.0,NY,35214.0,0.0,1290.0,1290.0,-3691.0,-4501.0,-4501.0,-810.0,0.0
1617,0.0,0.0,NY,158979.0,0.0,14112.0,14112.0,29093.0,26300.0,26300.0,-2793.0,0.0
1630,1.0,0.0,NY,283212.0,5526.0,21446.0,26972.0,51352.0,45394.0,45394.0,-5958.0,0.0
1811,0.0,0.0,NY,1.0,3421.0,1314.0,4735.0,0.0,0.0,0.0,0.0,0.0
1846,0.0,2.0,NY,140872.0,28945.0,10454.0,39399.0,9280.0,11300.0,9166.0,2020.0,-2134.0
1889,1.0,0.0,NY,307878.0,0.0,16376.0,16376.0,61556.0,51993.0,51993.0,-9563.0,0.0
1900,0.0,0.0,NY,144302.0,8947.0,7610.0,16557.0,25100.0,23633.0,23331.0,-1467.0,-302.0
1901,0.0,1.0,NY,162489.0,974.0,7903.0,8877.0,20216.0,16281.0,16281.0,-3935.0,0.0
1941,1.0,2.0,NY,217222.0,0.0,11096.0,11096.0,33780.0,26711.0,26711.0,-7069.0,0.0
1991,1.0,0.0,NY,172659.0,8947.0,7777.0,16724.0,17631.0,14482.0,14482.0,-3149.0,0.0
2023,0.0,0.0,NY,72356.0,3210.0,3375.0,6585.0,8639.0,6928.0,6928.0,-1711.0,0.0
2027,1.0,0.0,NY,133042.0,0.0,7107.0,7107.0,18959.0,16010.0,16010.0,-2949.0,0.0
2118,1.0,2.0,NY,197562.0,9999.0,9856.0,19855.0,28052.0,22386.0,22386.0,-5666.0,0.0
2170,1.0,0.0,NJ,78435.0,9999.0,2806.0,12806.0,6470.0,5254.0,5254.0,-1216.0,0.0
2174,0.0,0.0,NJ,27817.0,2895.0,1922.0,4817.0,1217.0,1047.0,1047.0,-170.0,0.0
2205,1.0,1.0,NJ,342901.0,9999.0,14382.0,24381.0,48110.0,38436.0,38436.0,-9674.0,0.0
2230,1.0,2.0,NJ,194780.0,2789.0,9177.0,11967.0,28170.0,21774.0,21774.0,-6396.0,0.0
2332,0.0,0.0,NJ,112776.0,0.0,4994.0,4994.0,19256.0,16272.0,16272.0,-2984.0,0.0
2339,1.0,2.0,NJ,130032.0,0.0,6093.0,6093.0,11670.0,7529.0,7529.0,-4141.0,0.0
2363,0.0,0.0,NJ,67339.0,0.0,1941.0,1941.0,4806.0,3923.0,3923.0,-883.0,0.0
2519,1.0,0.0,NJ,291436.0,2158.0,14185.0,16342.0,58516.0,49610.0,49610.0,-8906.0,0.0
2522,0.0,1.0,NJ,41873.0,0.0,1220.0,1220.0,749.0,172.0,172.0,-577.0,0.0
2541,1.0,1.0,NJ,137328.0,6842.0,3340.0,10181.0,11554.0,9496.0,9496.0,-2058.0,0.0
2726,0.0,0.0,PA,38141.0,0.0,1687.0,1687.0,3074.0,2498.0,2498.0,-576.0,0.0
2808,0.0,0.0,PA,126084.0,4263.0,3871.0,8134.0,14225.0,11409.0,11409.0,-2816.0,0.0
2891,0.0,0.0,PA,91326.0,6842.0,2804.0,9645.0,13374.0,11097.0,11097.0,-2277.0,0.0
2928,1.0,0.0,PA,27579.0,1105.0,847.0,1952.0,38.0,0.0,0.0,-38.0,0.0
2972,0.0,0.0,PA,118898.0,3842.0,3665.0,7507.0,15980.0,13331.0,13331.0,-2649.0,0.0
3075,1.0,2.0,PA,241931.0,14209.0,7427.0,21637.0,38701.0,32154.0,32154.0,-6547.0,0.0
3103,0.0,2.0,PA,114484.0,0.0,3515.0,3515.0,4995.0,1676.0,1676.0,-3319.0,0.0
3119,0.0,0.0,PA,121762.0,0.0,3738.0,3738.0,18496.0,13641.0,13641.0,-4855.0,0.0
3140,0.0,0.0,PA,51711.0,0.0,2104.0,2104.0,5109.0,4126.0,4126.0,-983.0,0.0
3294,1.0,0.0,PA,59829.0,9999.0,1837.0,11836.0,3479.0,2821.0,2821.0,-658.0,0.0
3308,1.0,3.0,PA,103421.0,2579.0,3175.0,5754.0,4833.0,2253.0,2253.0,-2580.0,0.0
3318,0.0,1.0,PA,48897.0,0.0,1522.0,1522.0,255.0,-935.0,-935.0,-1190.0,0.0
3356,0.0,4.0,PA,17237.0,0.0,1217.0,1217.0,-5420.0,-6220.0,-6220.0,-800.0,0.0
3370,1.0,0.0,PA,176210.0,5105.0,5410.0,10515.0,25097.0,20783.0,20783.0,-4314.0,0.0
3574,0.0,1.0,OH,106868.0,6842.0,2153.0,8994.0,7503.0,5044.0,5044.0,-2459.0,0.0
3577,1.0,0.0,OH,29822.0,1947.0,1369.0,3316.0,-662.0,-629.0,-629.0,33.0,0.0
3610,1.0,2.0,OH,163680.0,4263.0,3679.0,7942.0,20378.0,16419.0,16419.0,-3959.0,0.0
3748,0.0,0.0,OH,1.0,0.0,556.0,556.0,0.0,0.0,0.0,0.0,0.0
3763,1.0,0.0,OH,7220.0,5105.0,932.0,6037.0,0.0,0.0,0.0,0.0,0.0
3790,0.0,0.0,OH,43290.0,1631.0,1627.0,3259.0,3469.0,2814.0,2814.0,-655.0,0.0
3798,1.0,1.0,OH,0.0,0.0,579.0,579.0,0.0,0.0,0.0,0.0,0.0
3894,1.0,0.0,OH,55187.0,4263.0,1118.0,5381.0,2983.0,2464.0,2464.0,-519.0,0.0
3935,1.0,0.0,OH,819.0,0.0,579.0,579.0,0.0,0.0,0.0,0.0,0.0
3957,0.0,0.0,OH,131845.0,553.0,2892.0,3445.0,16295.0,13307.0,13307.0,-2988.0,0.0
3987,0.0,0.0,OH,229455.0,6842.0,5889.0,12731.0,39335.0,34068.0,34068.0,-5267.0,0.0
4071,1.0,0.0,OH,146077.0,342.0,3195.0,3537.0,14669.0,13559.0,13559.0,-1110.0,0.0
4085,0.0,0.0,OH,14291.0,3000.0,893.0,3892.0,0.0,0.0,0.0,0.0,0.0
4176,0.0,0.0,OH,73181.0,0.0,1598.0,1598.0,9358.0,7561.0,7561.0,-1797.0,0.0
4192,1.0,0.0,IN,208346.0,1316.0,6087.0,7403.0,34211.0,28758.0,28758.0,-5453.0,0.0
4252,0.0,0.0,IN,47514.0,1421.0,1372.0,2793.0,4480.0,3623.0,3623.0,-857.0,0.0
4346,1.0,1.0,IN,61028.0,0.0,2372.0,2372.0,2064.0,1165.0,1165.0,-899.0,0.0
4364,0.0,0.0,IN,71873.0,0.0,2194.0,2194.0,5880.0,4658.0,4658.0,-1222.0,0.0
4395,0.0,0.0,IN,56901.0,0.0,1649.0,1649.0,5888.0,4749.0,4749.0,-1139.0,0.0
4409,1.0,4.0,IN,85148.0,3421.0,3677.0,7098.0,-1686.0,-3830.0,-3830.0,-2144.0,0.0
4769,0.0,7.0,IL,81615.0,5526.0,3898.0,9424.0,-2458.0,-6166.0,-6166.0,-3708.0,0.0
4819,0.0,2.0,IL,21382.0,0.0,2005.0,2005.0,778.0,486.0,486.0,-292.0,0.0
4832,1.0,0.0,IL,99496.0,0.0,4640.0,4640.0,9629.0,7782.0,7782.0,-1847.0,0.0
4900,1.0,0.0,IL,238149.0,3210.0,11504.0,14714.0,40537.0,34815.0,34815.0,-5722.0,0.0
4913,0.0,0.0,IL,158623.0,0.0,7464.0,7464.0,19291.0,15847.0,15847.0,-3444.0,0.0
5013,0.0,0.0,IL,49371.0,0.0,2302.0,2302.0,4758.0,3845.0,3845.0,-913.0,0.0
5172,1.0,0.0,IL,184561.0,26.0,8709.0,8735.0,21996.0,17825.0,17825.0,-4171.0,0.0
5249,0.0,0.0,IL,46920.0,0.0,2180.0,2180.0,4380.0,3543.0,3543.0,-837.0,0.0
5274,1.0,3.0,IL,111617.0,26.0,5381.0,5408.0,6163.0,3236.0,3236.0,-2927.0,0.0
5284,1.0,2.0,IL,68684.0,342.0,3115.0,3457.0,818.0,-516.0,-516.0,-1334.0,0.0
5337,1.0,0.0,IL,168399.0,3210.0,8051.0,11261.0,24174.0,19934.0,19934.0,-4240.0,0.0
5355,0.0,0.0,IL,114171.0,11052.0,5367.0,16419.0,10998.0,9543.0,9543.0,-1455.0,0.0
5364,1.0,1.0,IL,190180.0,2684.0,9129.0,11813.0,28345.0,24262.0,24262.0,-4083.0,0.0
5482,0.0,0.0,MI,482120.0,0.0,20490.0,20490.0,117097.0,113691.0,113691.0,-3406.0,0.0
5561,0.0,0.0,MI,65018.0,553.0,2763.0,3316.0,6805.0,5477.0,5477.0,-1328.0,0.0
5571,0.0,0.0,MI,0.0,1421.0,700.0,2121.0,0.0,0.0,0.0,0.0,0.0
5591,0.0,0.0,MI,0.0,1631.0,1203.0,2835.0,0.0,0.0,0.0,0.0,0.0
5610,1.0,3.0,MI,399154.0,1316.0,16964.0,18280.0,81027.0,63478.0,63478.0,-17549.0,0.0
5653,0.0,0.0,MI,151.0,0.0,503.0,503.0,0.0,0.0,0.0,0.0,0.0
5671,1.0,0.0,MI,288221.0,0.0,12249.0,12249.0,44675.0,37482.0,37482.0,-7193.0,0.0
5699,0.0,0.0,MI,54785.0,0.0,2328.0,2328.0,5570.0,4495.0,4495.0,-1075.0,0.0
5701,0.0,0.0,MI,163345.0,2158.0,6942.0,9100.0,32175.0,27715.0,27715.0,-4460.0,0.0
5786,1.0,0.0,MI,317037.0,4789.0,13474.0,18263.0,51660.0,36223.0,36223.0,-15437.0,0.0
5818,1.0,0.0,MI,70071.0,0.0,2978.0,2978.0,5144.0,4179.0,4179.0,-965.0,0.0
5838,0.0,0.0,MI,10660.0,4789.0,882.0,5671.0,0.0,0.0,0.0,0.0,0.0
5863,1.0,3.0,MI,60755.0,6052.0,2582.0,8634.0,-2491.0,-4551.0,-4551.0,-2060.0,0.0
6105,0.0,2.0,WI,51640.0,0.0,1608.0,1608.0,-917.0,-2492.0,-2492.0,-1575.0,0.0
6115,1.0,2.0,WI,243896.0,6842.0,10669.0,17510.0,40407.0,32626.0,32626.0,-7781.0,0.0
6124,1.0,0.0,WI,10658.0,4263.0,1172.0,5435.0,0.0,0.0,0.0,0.0,0.0
6159,0.0,0.0,WI,23862.0,2579.0,800.0,3379.0,621.0,451.0,451.0,-170.0,0.0
6188,0.0,2.0,WI,86730.0,3737.0,3468.0,7204.0,5344.0,2116.0,2116.0,-3228.0,0.0
6239,1.0,0.0,WI,90695.0,3631.0,2640.0,6271.0,7772.0,6296.0,6296.0,-1476.0,0.0
6249,1.0,0.0,WI,259297.0,5526.0,12614.0,18139.0,47827.0,40649.0,40649.0,-7178.0,0.0
6351,1.0,0.0,WI,111267.0,3631.0,4433.0,8064.0,11395.0,9194.0,9194.0,-2201.0,0.0
6460,1.0,0.0,MN,299140.0,18420.0,18833.0,37252.0,55696.0,50506.0,50506.0,-5190.0,0.0
6469,1.0,2.0,MN,160831.0,5526.0,9679.0,15205.0,18595.0,14225.0,14225.0,-4370.0,0.0
6476,1.0,1.0,MN,151959.0,2052.0,7326.0,9378.0,18742.0,14305.0,14305.0,-4437.0,0.0
6511,1.0,0.0,MN,9103.0,2368.0,1268.0,3636.0,0.0,0.0,0.0,0.0,0.0
6610,1.0,2.0,MN,196571.0,24735.0,10521.0,35256.0,22754.0,20968.0,20968.0,-1786.0,0.0
6672,1.0,0.0,MN,73077.0,0.0,3466.0,3466.0,0.0,7538.0,7538.0,7538.0,0.0
6685,1.0,0.0,MN,188650.0,4579.0,9901.0,14480.0,29288.0,24425.0,24425.0,-4863.0,0.0
6691,0.0,0.0,IA,149.0,2789.0,1161.0,3950.0,0.0,0.0,0.0,0.0,0.0
6703,0.0,0.0,IA,60451.0,1947.0,2034.0,3981.0,6113.0,4929.0,4929.0,-1184.0,0.0
6748,0.0,0.0,IA,12865.0,1210.0,1324.0,2535.0,0.0,0.0,0.0,0.0,0.0
6802,1.0,1.0,IA,680881.0,7894.0,25907.0,33801.0,188864.0,166033.0,166033.0,-22831.0,0.0
6806,0.0,0.0,IA,28728.0,0.0,1161.0,1161.0,1662.0,1368.0,1368.0,-294.0,0.0
6813,0.0,0.0,IA,55586.0,0.0,1844.0,1844.0,2841.0,2390.0,2390.0,-451.0,0.0
6894,0.0,0.0,IA,42685.0,0.0,1461.0,1461.0,3755.0,3043.0,3043.0,-712.0,0.0
6905,1.0,0.0,IA,177323.0,3210.0,6268.0,9478.0,24917.0,20782.0,20782.0,-4135.0,0.0
6967,0.0,1.0,MO,21833.0,0.0,1434.0,1434.0,-5420.0,-6220.0,-6220.0,-800.0,0.0
7002,0.0,0.0,MO,50176.0,447.0,1791.0,2238.0,4116.0,3942.0,3942.0,-174.0,0.0
7050,0.0,0.0,MO,76476.0,2158.0,3027.0,5185.0,9669.0,7835.0,7835.0,-1834.0,0.0
7063,0.0,0.0,MO,2.0,342.0,1209.0,1551.0,0.0,0.0,0.0,0.0,0.0
7067,1.0,0.0,MO,17327.0,1842.0,2538.0,4380.0,0.0,0.0,0.0,0.0,0.0
7098,1.0,0.0,MO,63286.0,0.0,2403.0,2403.0,3469.0,2853.0,2853.0,-616.0,0.0
7145,1.0,2.0,MO,372900.0,8947.0,16392.0,25339.0,80382.0,63854.0,63854.0,-16528.0,0.0
7168,0.0,2.0,MO,46519.0,0.0,1942.0,1942.0,-2012.0,-3433.0,-3433.0,-1421.0,0.0
7250,0.0,0.0,MO,51648.0,0.0,2759.0,2759.0,5098.0,4118.0,4118.0,-980.0,0.0
7277,1.0,0.0,MO,65083.0,3210.0,2193.0,5404.0,3972.0,3256.0,3256.0,-716.0,0.0
7361,0.0,0.0,SD,66027.0,921.0,1120.0,2041.0,7569.0,5987.0,5987.0,-1582.0,0.0
7404,1.0,0.0,SD,335910.0,4263.0,2731.0,6993.0,60916.0,51412.0,51412.0,-9504.0,0.0
7422,0.0,0.0,SD,46557.0,500.0,1777.0,2277.0,2321.0,1896.0,1896.0,-425.0,0.0
7462,1.0,0.0,NE,43094.0,1526.0,1284.0,2810.0,1259.0,919.0,919.0,-340.0,0.0
7467,1.0,1.0,NE,37388.0,1526.0,1594.0,3121.0,-1327.0,-2347.0,-2347.0,-1020.0,0.0
7497,0.0,0.0,NE,1294913.0,0.0,58306.0,58306.0,442880.0,429133.0,429133.0,-13747.0,0.0
7532,1.0,0.0,NE,147282.0,3737.0,6089.0,9826.0,16723.0,15324.0,15324.0,-1399.0,0.0
7546,0.0,0.0,NE,89582.0,0.0,3464.0,3464.0,13458.0,11169.0,11169.0,-2289.0,0.0
7548,0.0,0.0,NE,37238.0,0.0,1082.0,1082.0,2600.0,2119.0,2119.0,-481.0,0.0
7658,0.0,0.0,KS,22221.0,1947.0,1113.0,3060.0,657.0,487.0,487.0,-170.0,0.0
7684,0.0,0.0,KS,72740.0,0.0,3770.0,3770.0,8962.0,7464.0,7464.0,-1498.0,0.0
7686,1.0,4.0,KS,737405.0,6842.0,40570.0,47412.0,191974.0,167796.0,167796.0,-24178.0,0.0
7727,0.0,2.0,KS,64514.0,2684.0,3311.0,5995.0,3495.0,2033.0,2033.0,-1462.0,0.0
7847,1.0,1.0,DE,114912.0,0.0,6353.0,6353.0,8012.0,6131.0,6131.0,-1881.0,0.0
7869,0.0,0.0,DE,83148.0,553.0,4257.0,4809.0,11054.0,9283.0,9283.0,-1771.0,0.0
7899,1.0,0.0,MD,121848.0,0.0,5417.0,5417.0,9540.0,7885.0,7885.0,-1655.0,0.0
7908,1.0,0.0,MD,222069.0,4473.0,9853.0,14326.0,28693.0,23791.0,23791.0,-4902.0,0.0
7953,0.0,0.0,MD,91.0,6052.0,911.0,6963.0,0.0,0.0,0.0,0.0,0.0
8079,1.0,0.0,MD,129670.0,1105.0,6244.0,7349.0,14543.0,11449.0,11449.0,-3094.0,0.0
8111,1.0,0.0,MD,107438.0,11052.0,4929.0,15981.0,10510.0,8412.0,8412.0,-2098.0,0.0
8122,0.0,1.0,MD,33522.0,0.0,1407.0,1407.0,-323.0,-1004.0,-1004.0,-681.0,0.0
8152,1.0,2.0,MD,219590.0,5526.0,10931.0,16457.0,34372.0,27232.0,27232.0,-7140.0,0.0
8158,0.0,0.0,MD,90995.0,0.0,4137.0,4137.0,13811.0,11480.0,11480.0,-2331.0,0.0
8199,1.0,1.0,MD,449663.0,3210.0,20344.0,23554.0,57274.0,41685.0,41685.0,-15589.0,0.0
8240,0.0,0.0,DC,418941.0,13157.0,31107.0,44264.0,83891.0,82911.0,79526.0,-980.0,-3385.0
8313,0.0,0.0,VA,123.0,1526.0,614.0,2140.0,0.0,0.0,0.0,0.0,0.0
8414,1.0,0.0,VA,267718.0,3421.0,14534.0,17955.0,50049.0,35079.0,35079.0,-14970.0,0.0
8457,1.0,0.0,VA,76432.0,0.0,3535.0,3535.0,6170.0,5014.0,5014.0,-1156.0,0.0
8486,1.0,0.0,VA,246477.0,6842.0,13312.0,20154.0,43358.0,36850.0,36850.0,-6508.0,0.0
8497,0.0,0.0,VA,0.0,0.0,1048.0,1048.0,0.0,0.0,0.0,0.0,0.0
8498,1.0,0.0,VA,186498.0,0.0,10298.0,10298.0,27424.0,23451.0,23451.0,-3973.0,0.0
8530,0.0,0.0,VA,166325.0,1947.0,8704.0,10651.0,23706.0,19514.0,19514.0,-4192.0,0.0
8547,0.0,0.0,VA,92.0,0.0,434.0,434.0,0.0,0.0,0.0,0.0,0.0
8558,1.0,1.0,VA,172872.0,0.0,8650.0,8650.0,17493.0,12997.0,12997.0,-4496.0,0.0
8568,0.0,0.0,VA,0.0,0.0,614.0,614.0,0.0,0.0,0.0,0.0,0.0
8600,1.0,1.0,VA,494861.0,3947.0,27595.0,31542.0,123422.0,92428.0,92428.0,-30994.0,0.0
8632,0.0,0.0,VA,310664.0,0.0,17008.0,17008.0,49176.0,42756.0,42756.0,-6420.0,0.0
8654,1.0,2.0,VA,89373.0,3210.0,4713.0,7924.0,3806.0,1852.0,1852.0,-1954.0,0.0
8662,1.0,1.0,VA,68948.0,0.0,3105.0,3105.0,3252.0,2116.0,2116.0,-1136.0,0.0
8674,1.0,2.0,VA,236443.0,4683.0,12760.0,17443.0,37175.0,29739.0,29739.0,-7436.0,0.0
8700,1.0,0.0,VA,61374.0,3210.0,2849.0,6059.0,3789.0,3088.0,3088.0,-701.0,0.0
8774,1.0,1.0,VA,211725.0,6842.0,10045.0,16887.0,19518.0,15399.0,15399.0,-4119.0,0.0
8804,1.0,0.0,WV,196839.0,658.0,8045.0,8703.0,31334.0,26226.0,26226.0,-5108.0,0.0
8838,1.0,0.0,WV,136590.0,0.0,5017.0,5017.0,16273.0,12972.0,12972.0,-3301.0,0.0
8874,1.0,5.0,WV,58605.0,868.0,3846.0,4714.0,1662.0,2875.0,2875.0,1213.0,0.0
8880,0.0,0.0,WV,48900.0,0.0,1601.0,1601.0,3752.0,3543.0,3543.0,-209.0,0.0
8889,1.0,0.0,WV,113623.0,1316.0,3836.0,5151.0,11748.0,9477.0,9477.0,-2271.0,0.0
8929,0.0,0.0,NC,30994.0,658.0,728.0,1386.0,661.0,491.0,491.0,-170.0,0.0
8932,1.0,1.0,NC,34474.0,0.0,1037.0,1037.0,-4684.0,-5494.0,-5494.0,-810.0,0.0
8960,1.0,1.0,NC,68417.0,1631.0,2221.0,3853.0,3173.0,1144.0,1144.0,-2029.0,0.0
8990,0.0,0.0,NC,4142.0,1105.0,516.0,1621.0,0.0,0.0,0.0,0.0,0.0
9073,2.0,0.0,NC,73020.0,0.0,1896.0,1896.0,0.0,4482.0,4482.0,4482.0,0.0
9104,1.0,2.0,NC,356727.0,9999.0,13216.0,23215.0,70989.0,57933.0,57933.0,-13056.0,0.0
9153,0.0,0.0,NC,0.0,2684.0,596.0,3280.0,0.0,0.0,0.0,0.0,0.0
9162,0.0,0.0,NC,99502.0,0.0,3461.0,3461.0,15426.0,12901.0,12901.0,-2525.0,0.0
9177,1.0,4.0,NC,75612.0,0.0,1999.0,1999.0,-1819.0,-3771.0,-3771.0,-1952.0,0.0
9233,1.0,3.0,NC,58902.0,0.0,1841.0,1841.0,-3349.0,-5019.0,-5019.0,-1670.0,0.0
9243,1.0,3.0,NC,64939.0,0.0,2082.0,2082.0,-2425.0,-3944.0,-3944.0,-1519.0,0.0
9294,1.0,0.0,NC,1141667.0,18420.0,45044.0,63463.0,364507.0,331796.0,331796.0,-32711.0,0.0
9295,0.0,0.0,NC,61817.0,447.0,1958.0,2405.0,4317.0,3492.0,3492.0,-825.0,0.0
9298,1.0,0.0,NC,207928.0,1210.0,7279.0,8489.0,21487.0,27816.0,27816.0,6329.0,0.0
9364,1.0,0.0,NC,252988.0,4473.0,9077.0,13550.0,46176.0,38808.0,38808.0,-7368.0,0.0
9398,1.0,0.0,NC,194334.0,3000.0,6313.0,9313.0,26255.0,21641.0,21641.0,-4614.0,0.0
9469,1.0,0.0,NC,300301.0,4263.0,10815.0,15078.0,44958.0,37776.0,37776.0,-7182.0,0.0
9511,0.0,1.0,NC,14364.0,0.0,390.0,390.0,-5420.0,-6200.0,-6200.0,-780.0,0.0
9555,1.0,0.0,NC,47810.0,0.0,890.0,890.0,2061.0,1377.0,1377.0,-684.0,0.0
9587,0.0,1.0,NC,0.0,79.0,390.0,469.0,0.0,0.0,0.0,0.0,0.0
9610,1.0,0.0,NC,0.0,0.0,390.0,390.0,0.0,0.0,0.0,0.0,0.0
9637,0.0,2.0,SC,25097.0,447.0,1546.0,1993.0,-9035.0,-10425.0,-10425.0,-1390.0,0.0
9686,0.0,2.0,SC,73544.0,0.0,2410.0,2410.0,-1544.0,-3237.0,-3237.0,-1693.0,0.0
9766,1.0,0.0,SC,235665.0,0.0,9919.0,9919.0,25977.0,20841.0,20841.0,-5136.0,0.0
9773,1.0,3.0,SC,201450.0,2158.0,10144.0,12302.0,28267.0,20997.0,20997.0,-7270.0,0.0
9840,0.0,0.0,SC,150051.0,0.0,6957.0,6957.0,19638.0,15933.0,15933.0,-3705.0,0.0
9894,1.0,2.0,SC,341530.0,0.0,18829.0,18829.0,68680.0,55532.0,55532.0,-13148.0,0.0
9927,1.0,4.0,SC,35918.0,0.0,1269.0,1269.0,-11191.0,-12508.0,-12508.0,-1317.0,0.0
9956,1.0,0.0,SC,143166.0,0.0,6530.0,6530.0,17916.0,14418.0,14418.0,-3498.0,0.0
9997,0.0,0.0,GA,447.0,2368.0,1099.0,3468.0,0.0,0.0,0.0,0.0,0.0
10047,0.0,1.0,GA,0.0,0.0,629.0,629.0,0.0,0.0,0.0,0.0,0.0
10073,1.0,0.0,GA,128335.0,658.0,6036.0,6694.0,14208.0,11242.0,11242.0,-2966.0,0.0
10105,0.0,0.0,GA,68975.0,1316.0,2957.0,4273.0,8306.0,6636.0,6636.0,-1670.0,0.0
10156,1.0,2.0,GA,379033.0,500.0,18426.0,18926.0,81287.0,63952.0,63952.0,-17335.0,0.0
10314,0.0,0.0,GA,37566.0,5526.0,1887.0,7413.0,2985.0,2427.0,2427.0,-558.0,0.0
10325,1.0,0.0,GA,159798.0,0.0,7466.0,7466.0,21174.0,17260.0,17260.0,-3914.0,0.0
10401,1.0,0.0,GA,231499.0,13157.0,10769.0,23926.0,38007.0,33376.0,33376.0,-4631.0,0.0
10402,1.0,1.0,GA,6967.0,79.0,706.0,785.0,-3677.0,-3677.0,-3677.0,0.0,0.0
10415,1.0,2.0,GA,79941.0,237.0,3449.0,3686.0,-2208.0,-3783.0,-3783.0,-1575.0,0.0
10435,1.0,0.0,GA,85715.0,3737.0,3826.0,7562.0,5972.0,5128.0,5128.0,-844.0,0.0
10438,0.0,2.0,GA,28696.0,0.0,952.0,952.0,-8213.0,-9703.0,-9703.0,-1490.0,0.0
10499,1.0,0.0,GA,37659.0,1631.0,1397.0,3028.0,716.0,376.0,376.0,-340.0,0.0
10507,0.0,0.0,GA,9651.0,3000.0,561.0,3561.0,0.0,0.0,0.0,0.0,0.0
10556,1.0,1.0,GA,117645.0,5105.0,4860.0,9965.0,9845.0,7959.0,7959.0,-1886.0,0.0
10564,0.0,2.0,GA,148375.0,1842.0,6455.0,8297.0,10938.0,8396.0,8396.0,-2542.0,0.0
10588,0.0,0.0,GA,13789.0,3210.0,561.0,3771.0,19.0,0.0,0.0,-19.0,0.0
10677,1.0,0.0,FL,76391.0,0.0,1472.0,1472.0,5669.0,4613.0,4613.0,-1056.0,0.0
10680,0.0,0.0,FL,315496.0,5526.0,2916.0,8442.0,72998.0,68264.0,68264.0,-4734.0,0.0
10724,1.0,1.0,FL,74223.0,553.0,2034.0,2587.0,796.0,267.0,267.0,-529.0,0.0
10740,0.0,0.0,FL,79602.0,3420.0,1435.0,4855.0,10219.0,8360.0,8360.0,-1859.0,0.0
10755,1.0,0.0,FL,78407.0,4473.0,1472.0,5945.0,5971.0,4855.0,4855.0,-1116.0,0.0
10773,0.0,0.0,FL,54009.0,0.0,1195.0,1195.0,5454.0,4402.0,4402.0,-1052.0,0.0
10827,1.0,0.0,FL,155647.0,2684.0,1864.0,4548.0,21037.0,17164.0,17164.0,-3873.0,0.0
10854,0.0,0.0,FL,69242.0,0.0,1282.0,1282.0,8373.0,6694.0,6694.0,-1679.0,0.0
10905,0.0,0.0,FL,83700.0,1210.0,1435.0,2645.0,11475.0,9424.0,9424.0,-2051.0,0.0
10912,0.0,0.0,FL,156624.0,3105.0,2008.0,5113.0,30353.0,26143.0,26143.0,-4210.0,0.0
10925,0.0,0.0,FL,0.0,0.0,598.0,598.0,0.0,0.0,0.0,0.0,0.0
10952,1.0,1.0,FL,75345.0,0.0,1444.0,1444.0,3640.0,2312.0,2312.0,-1328.0,0.0
11058,0.0,0.0,FL,0.0,0.0,598.0,598.0,0.0,0.0,0.0,0.0,0.0
11138,0.0,2.0,FL,41368.0,0.0,2687.0,2687.0,-5645.0,-5979.0,-5979.0,-334.0,0.0
11142,0.0,0.0,FL,45297.0,0.0,1098.0,1098.0,4147.0,3357.0,3357.0,-790.0,0.0
11166,1.0,0.0,FL,174541.0,763.0,2918.0,3681.0,18239.0,14708.0,14708.0,-3531.0,0.0
11210,0.0,0.0,FL,0.0,447.0,987.0,1435.0,0.0,0.0,0.0,0.0,0.0
11294,1.0,3.0,FL,67459.0,3947.0,1318.0,5265.0,-561.0,-2063.0,-2063.0,-1502.0,0.0
11325,1.0,0.0,FL,95378.0,2368.0,1504.0,3872.0,0.0,12444.0,12444.0,12444.0,0.0
11332,1.0,1.0,FL,28728.0,2158.0,908.0,3066.0,-5420.0,-6220.0,-6220.0,-800.0,0.0
11429,0.0,0.0,FL,181222.0,2683.0,2939.0,5622.0,27431.0,22791.0,22791.0,-4640.0,0.0
11431,1.0,0.0,FL,16047.0,1421.0,879.0,2300.0,-662.0,-662.0,-662.0,0.0,0.0
11436,1.0,0.0,FL,446934.0,5526.0,2993.0,8518.0,107398.0,86444.0,86444.0,-20954.0,0.0
11458,1.0,2.0,FL,67270.0,6052.0,1177.0,7229.0,1205.0,-86.0,-86.0,-1291.0,0.0
11481,1.0,0.0,FL,170326.0,3737.0,2060.0,5797.0,23290.0,19179.0,19179.0,-4111.0,0.0
11636,0.0,0.0,FL,38017.0,0.0,987.0,987.0,2748.0,2237.0,2237.0,-511.0,0.0
11698,1.0,1.0,FL,31026.0,0.0,1047.0,1047.0,-1000.0,-1800.0,-1800.0,-800.0,0.0
11799,0.0,0.0,FL,18633.0,7894.0,1098.0,8992.0,298.0,128.0,128.0,-170.0,0.0
11934,1.0,1.0,FL,97008.0,2368.0,1594.0,3963.0,7461.0,5483.0,5483.0,-1978.0,0.0
11960,0.0,0.0,FL,43719.0,0.0,1098.0,1098.0,3910.0,3167.0,3167.0,-743.0,0.0
12017,0.0,0.0,KY,2.0,2579.0,566.0,3145.0,0.0,0.0,0.0,0.0,0.0
12064,0.0,0.0,KY,0.0,1736.0,811.0,2547.0,0.0,0.0,0.0,0.0,0.0
12075,0.0,0.0,KY,0.0,3631.0,1377.0,5008.0,0.0,0.0,0.0,0.0,0.0
12095,1.0,1.0,KY,132781.0,0.0,5096.0,5096.0,31.0,18937.0,18937.0,18906.0,0.0
12127,1.0,4.0,KY,64018.0,0.0,2124.0,2124.0,-3712.0,-5749.0,-5749.0,-2037.0,0.0
12128,1.0,0.0,KY,17240.0,4052.0,682.0,4734.0,-4420.0,-4420.0,-4420.0,0.0,0.0
12134,1.0,0.0,KY,0.0,0.0,636.0,636.0,0.0,0.0,0.0,0.0,0.0
12228,1.0,0.0,KY,35630.0,868.0,1697.0,2565.0,843.0,503.0,503.0,-340.0,0.0
12461,1.0,0.0,TN,149309.0,710.0,2218.0,2929.0,19452.0,15770.0,15770.0,-3682.0,0.0
12466,0.0,0.0,TN,5656.0,0.0,1091.0,1091.0,0.0,0.0,0.0,0.0,0.0
12603,0.0,0.0,TN,225491.0,1526.0,2496.0,4022.0,50210.0,43871.0,43871.0,-6339.0,0.0
12616,1.0,1.0,TN,120261.0,1316.0,2254.0,3570.0,11499.0,6734.0,6734.0,-4765.0,0.0
12618,0.0,0.0,TN,207782.0,1210.0,2496.0,3707.0,44882.0,38748.0,38748.0,-6134.0,0.0
12759,0.0,0.0,AL,0.0,0.0,481.0,481.0,0.0,0.0,0.0,0.0,0.0
12838,1.0,1.0,AL,173468.0,1026.0,8293.0,9320.0,24167.0,19085.0,19085.0,-5082.0,0.0
12885,1.0,0.0,AL,108708.0,500.0,5536.0,6036.0,11011.0,8887.0,8887.0,-2124.0,0.0
12901,1.0,0.0,AL,65827.0,0.0,2911.0,2911.0,4084.0,3345.0,3345.0,-739.0,0.0
12910,1.0,0.0,AL,580536.0,816.0,28647.0,29463.0,154703.0,130716.0,130716.0,-23987.0,0.0
12922,1.0,2.0,AL,150317.0,974.0,7136.0,8109.0,15396.0,11158.0,11158.0,-4238.0,0.0
12956,0.0,2.0,AL,61085.0,1631.0,2864.0,4496.0,2088.0,229.0,229.0,-1859.0,0.0
13057,0.0,0.0,AL,0.0,395.0,645.0,1040.0,0.0,0.0,0.0,0.0,0.0
13064,1.0,1.0,AL,147340.0,605.0,6987.0,7592.0,17402.0,13174.0,13174.0,-4228.0,0.0
13175,1.0,0.0,MS,19535.0,0.0,1172.0,1172.0,-552.0,-552.0,-552.0,0.0,0.0
13195,1.0,3.0,MS,35955.0,0.0,1780.0,1780.0,-2000.0,-3600.0,-3600.0,-1600.0,0.0
13205,0.0,0.0,MS,172368.0,0.0,6403.0,6403.0,35336.0,30414.0,30414.0,-4922.0,0.0
13219,1.0,3.0,MS,0.0,0.0,1070.0,1070.0,0.0,0.0,0.0,0.0,0.0
13223,0.0,0.0,MS,45854.0,0.0,1342.0,1342.0,4231.0,3423.0,3423.0,-808.0,0.0
13225,1.0,2.0,MS,132149.0,0.0,4794.0,4794.0,12087.0,7995.0,7995.0,-4092.0,0.0
13228,0.0,2.0,MS,17237.0,0.0,1051.0,1051.0,-2000.0,-2211.0,-2211.0,-211.0,0.0
13287,0.0,0.0,MS,184037.0,0.0,6869.0,6869.0,38603.0,33214.0,33214.0,-5389.0,0.0
13315,1.0,1.0,MS,192769.0,237.0,6235.0,6472.0,19210.0,14452.0,14452.0,-4758.0,0.0
13336,1.0,1.0,AR,1150.0,658.0,1702.0,2360.0,0.0,0.0,0.0,0.0,0.0
13429,0.0,0.0,AR,24168.0,9999.0,737.0,10737.0,657.0,887.0,887.0,230.0,0.0
13492,0.0,1.0,AR,14371.0,3316.0,2113.0,5429.0,0.0,0.0,0.0,0.0,0.0
13556,0.0,0.0,AR,168132.0,0.0,6460.0,6460.0,34149.0,29397.0,29397.0,-4752.0,0.0
13560,0.0,1.0,LA,34474.0,0.0,1224.0,1224.0,-2548.0,-3568.0,-3568.0,-1020.0,0.0
13577,1.0,3.0,LA,149576.0,2158.0,3989.0,6147.0,13344.0,8629.0,8629.0,-4715.0,0.0
13613,0.0,0.0,LA,32130.0,1737.0,2167.0,3904.0,1664.0,1370.0,1370.0,-294.0,0.0
13678,0.0,2.0,LA,5975.0,0.0,781.0,781.0,-2836.0,-2911.0,-2911.0,-75.0,0.0
13688,0.0,0.0,LA,0.0,0.0,715.0,715.0,0.0,0.0,0.0,0.0,0.0
13704,0.0,0.0,LA,41.0,0.0,715.0,715.0,0.0,0.0,0.0,0.0,0.0
13771,0.0,0.0,LA,156920.0,4789.0,4210.0,8999.0,21355.0,17444.0,17444.0,-3911.0,0.0
13803,0.0,0.0,LA,51711.0,0.0,1427.0,1427.0,5109.0,4126.0,4126.0,-983.0,0.0
13823,1.0,0.0,LA,102063.0,6842.0,2564.0,9405.0,10014.0,8090.0,8090.0,-1924.0,0.0
13891,1.0,0.0,OK,82737.0,2579.0,2950.0,5529.0,7116.0,5770.0,5770.0,-1346.0,0.0
13929,1.0,1.0,OK,186691.0,6842.0,7888.0,14729.0,26873.0,21394.0,21394.0,-5479.0,0.0
13974,0.0,0.0,OK,16.0,79.0,1060.0,1139.0,0.0,0.0,0.0,0.0,0.0
14010,0.0,0.0,OK,286366.0,0.0,13112.0,13112.0,59353.0,54147.0,54147.0,-5206.0,0.0
14049,0.0,0.0,OK,37530.0,6842.0,1293.0,8134.0,2715.0,1891.0,1891.0,-824.0,0.0
14098,0.0,0.0,OK,531371.0,2789.0,24260.0,27049.0,134114.0,129115.0,128614.0,-4999.0,-501.0
14119,1.0,0.0,OK,49414.0,0.0,1857.0,1857.0,2221.0,1881.0,1881.0,-340.0,0.0
14151,0.0,0.0,TX,57143.0,2474.0,1514.0,3988.0,5616.0,4532.0,4532.0,-1084.0,0.0
14167,0.0,1.0,TX,0.0,3316.0,1972.0,5288.0,0.0,0.0,0.0,0.0,0.0
14189,1.0,0.0,TX,70075.0,6052.0,1837.0,7889.0,4769.0,3853.0,3853.0,-916.0,0.0
14243,0.0,1.0,TX,121218.0,0.0,3169.0,3169.0,15579.0,11289.0,11289.0,-4290.0,0.0
14250,1.0,0.0,TX,71720.0,15262.0,1926.0,17188.0,4519.0,3697.0,3697.0,-822.0,0.0
14269,0.0,0.0,TX,28744.0,0.0,1812.0,1812.0,1664.0,1370.0,1370.0,-294.0,0.0
14271,0.0,0.0,TX,20684.0,0.0,3044.0,3044.0,0.0,0.0,0.0,0.0,0.0
14410,1.0,2.0,TX,245239.0,0.0,4404.0,4404.0,32584.0,26572.0,26572.0,-6012.0,0.0
14468,1.0,0.0,TX,51724.0,6842.0,1634.0,8475.0,2464.0,2112.0,2112.0,-352.0,0.0
14470,0.0,0.0,TX,0.0,395.0,1812.0,2206.0,0.0,0.0,0.0,0.0,0.0
14545,1.0,1.0,TX,300618.0,15262.0,3975.0,19237.0,57849.0,48799.0,48799.0,-9050.0,0.0
14591,0.0,0.0,TX,23690.0,1737.0,1194.0,2931.0,804.0,634.0,634.0,-170.0,0.0
14596,0.0,0.0,TX,129542.0,0.0,1968.0,1968.0,23443.0,20131.0,20131.0,-3312.0,0.0
14636,1.0,0.0,TX,1315745.0,0.0,3672.0,3672.0,443282.0,398036.0,398036.0,-45246.0,0.0
14671,0.0,0.0,TX,68850.0,0.0,1598.0,1598.0,7762.0,6157.0,6157.0,-1605.0,0.0
14700,1.0,2.0,TX,101857.0,0.0,2436.0,2436.0,6393.0,2355.0,2355.0,-4038.0,0.0
14713,1.0,1.0,TX,139207.0,5526.0,2449.0,7975.0,15602.0,11547.0,11547.0,-4055.0,0.0
14731,1.0,0.0,TX,321842.0,25788.0,3975.0,29762.0,60849.0,51462.0,51462.0,-9387.0,0.0
14747,1.0,0.0,TX,391060.0,13157.0,3672.0,16829.0,88025.0,72179.0,72179.0,-15846.0,0.0
14766,1.0,2.0,TX,132150.0,0.0,2595.0,2595.0,10049.0,7632.0,7632.0,-2417.0,0.0
14801,0.0,0.0,TX,43.0,0.0,1051.0,1051.0,0.0,0.0,0.0,0.0,0.0
14810,0.0,0.0,TX,22449.0,3737.0,1051.0,4787.0,885.0,572.0,572.0,-313.0,0.0
14827,1.0,0.0,TX,7640.0,12104.0,1513.0,13617.0,0.0,0.0,0.0,0.0,0.0
14967,1.0,0.0,TX,105997.0,26.0,2118.0,2145.0,10604.0,8562.0,8562.0,-2042.0,0.0
14989,1.0,1.0,TX,43320.0,0.0,1644.0,1644.0,-2385.0,-3450.0,-3450.0,-1065.0,0.0
14992,1.0,0.0,TX,44961.0,0.0,1634.0,1634.0,1611.0,1271.0,1271.0,-340.0,0.0
15031,1.0,0.0,TX,124847.0,1316.0,2258.0,3574.0,12937.0,10428.0,10428.0,-2509.0,0.0
15046,1.0,0.0,TX,152873.0,0.0,2386.0,2386.0,20343.0,16554.0,16554.0,-3789.0,0.0
15090,0.0,1.0,TX,127127.0,4158.0,3126.0,7283.0,13089.0,10143.0,10143.0,-2946.0,0.0
15168,1.0,2.0,TX,51506.0,0.0,1883.0,1883.0,-629.0,-1909.0,-1909.0,-1280.0,0.0
15283,1.0,0.0,TX,40136.0,0.0,1315.0,1315.0,0.0,2737.0,2737.0,2737.0,0.0
15286,0.0,0.0,TX,168020.0,1316.0,3355.0,4670.0,23756.0,19886.0,19886.0,-3870.0,0.0
15296,0.0,0.0,TX,8022.0,0.0,761.0,761.0,-615.0,-615.0,-615.0,0.0,0.0
15361,0.0,0.0,TX,0.0,0.0,761.0,761.0,0.0,0.0,0.0,0.0,0.0
15413,1.0,0.0,TX,42482.0,0.0,1837.0,1837.0,837.0,819.0,819.0,-18.0,0.0
15437,0.0,0.0,TX,166586.0,9999.0,2184.0,12183.0,32629.0,29026.0,29026.0,-3603.0,0.0
15506,1.0,0.0,TX,40223.0,11052.0,1513.0,12565.0,1302.0,962.0,962.0,-340.0,0.0
15519,1.0,0.0,TX,124274.0,2158.0,2258.0,4416.0,12851.0,10359.0,10359.0,-2492.0,0.0
15522,0.0,0.0,TX,45279.0,0.0,1315.0,1315.0,4144.0,3354.0,3354.0,-790.0,0.0
15614,0.0,0.0,TX,64353.0,0.0,2388.0,2388.0,4358.0,3564.0,3564.0,-794.0,0.0
15747,1.0,2.0,TX,270839.0,5105.0,4206.0,9311.0,48682.0,41166.0,41166.0,-7516.0,0.0
15773,0.0,0.0,TX,0.0,0.0,761.0,761.0,0.0,0.0,0.0,0.0,0.0
15833,0.0,0.0,TX,49205.0,0.0,1315.0,1315.0,4733.0,3826.0,3826.0,-907.0,0.0
15859,1.0,3.0,TX,148797.0,11052.0,2869.0,13921.0,13393.0,11157.0,11157.0,-2236.0,0.0
15899,0.0,1.0,MT,62980.0,237.0,2794.0,3031.0,4167.0,2457.0,2457.0,-1710.0,0.0
15918,0.0,0.0,MT,61283.0,868.0,2698.0,3567.0,6204.0,5003.0,5003.0,-1201.0,0.0
15949,0.0,0.0,MT,51475.0,2474.0,2159.0,4632.0,4393.0,3852.0,3852.0,-541.0,0.0
16064,0.0,0.0,ID,30953.0,6842.0,1201.0,8042.0,1688.0,1389.0,1389.0,-299.0,0.0
16146,1.0,2.0,WY,70823.0,3421.0,1032.0,4453.0,2637.0,1740.0,1740.0,-897.0,0.0
16196,0.0,0.0,CO,7010.0,0.0,1693.0,1693.0,0.0,0.0,0.0,0.0,0.0
16209,0.0,0.0,CO,82381.0,0.0,3260.0,3260.0,11658.0,9585.0,9585.0,-2073.0,0.0
16220,0.0,0.0,CO,34719.0,0.0,2014.0,2014.0,1722.0,1352.0,1352.0,-370.0,0.0
16278,1.0,0.0,CO,3475.0,6052.0,1386.0,7439.0,0.0,0.0,0.0,0.0,0.0
16280,0.0,1.0,CO,87295.0,0.0,4737.0,4737.0,2186.0,356.0,356.0,-1830.0,0.0
16322,1.0,0.0,CO,180313.0,184.0,7203.0,7388.0,27075.0,22501.0,22501.0,-4574.0,0.0
16394,0.0,0.0,CO,67191.0,500.0,2591.0,3091.0,7835.0,6225.0,6225.0,-1610.0,0.0
16433,1.0,0.0,CO,169418.0,3210.0,6724.0,9934.0,23654.0,19468.0,19468.0,-4186.0,0.0
16437,1.0,1.0,CO,159149.0,0.0,7119.0,7119.0,21500.0,17572.0,17572.0,-3928.0,0.0
16513,0.0,1.0,CO,114912.0,0.0,4326.0,4326.0,9030.0,6160.0,6160.0,-2870.0,0.0
16531,1.0,0.0,CO,30199.0,2579.0,1525.0,4103.0,135.0,0.0,0.0,-135.0,0.0
16564,1.0,0.0,NM,0.0,0.0,528.0,528.0,0.0,0.0,0.0,0.0,0.0
16578,1.0,0.0,NM,45965.0,0.0,1566.0,1566.0,0.0,3437.0,3437.0,3437.0,0.0
16691,1.0,0.0,NM,8733.0,3421.0,1265.0,4686.0,0.0,0.0,0.0,0.0,0.0
16726,1.0,0.0,NM,20198.0,1210.0,1417.0,2627.0,0.0,0.0,0.0,0.0,0.0
16764,1.0,0.0,AZ,138509.0,3210.0,2747.0,5958.0,12586.0,10186.0,10186.0,-2400.0,0.0
16816,1.0,2.0,AZ,266804.0,5526.0,5940.0,11466.0,45735.0,37392.0,37392.0,-8343.0,0.0
16863,0.0,0.0,AZ,0.0,0.0,689.0,689.0,0.0,0.0,0.0,0.0,0.0
16899,0.0,0.0,AZ,29562.0,4894.0,1198.0,6092.0,1119.0,1222.0,1222.0,103.0,0.0
16969,0.0,0.0,AZ,126867.0,0.0,2807.0,2807.0,22779.0,19494.0,19494.0,-3285.0,0.0
17001,1.0,2.0,AZ,133088.0,1026.0,2711.0,3737.0,8636.0,5239.0,5239.0,-3397.0,0.0
17024,1.0,2.0,AZ,177156.0,3631.0,3699.0,7330.0,22827.0,16225.0,16225.0,-6602.0,0.0
17052,0.0,2.0,AZ,140633.0,1105.0,3081.0,4186.0,13180.0,9333.0,9333.0,-3847.0,0.0
17093,1.0,0.0,AZ,83880.0,2368.0,1697.0,4065.0,6772.0,5496.0,5496.0,-1276.0,0.0
17134,0.0,0.0,AZ,105617.0,2158.0,2275.0,4433.0,16240.0,13838.0,13838.0,-2402.0,0.0
17151,1.0,0.0,AZ,207856.0,2158.0,5256.0,7414.0,31169.0,26179.0,26179.0,-4990.0,0.0
17182,0.0,0.0,AZ,0.0,0.0,689.0,689.0,0.0,0.0,0.0,0.0,0.0
17211,1.0,2.0,UT,72002.0,132.0,2616.0,2748.0,-64.0,-1288.0,-1288.0,-1224.0,0.0
17243,0.0,0.0,UT,171810.0,4263.0,7358.0,11621.0,33107.0,29489.0,29489.0,-3618.0,0.0
17245,1.0,3.0,UT,95740.0,1421.0,3561.0,4982.0,3681.0,1331.0,1331.0,-2350.0,0.0
17385,0.0,0.0,NV,3453.0,0.0,1269.0,1269.0,-580.0,-580.0,-580.0,0.0,0.0
17409,1.0,0.0,NV,264831.0,1316.0,3170.0,4486.0,48720.0,41138.0,41138.0,-7582.0,0.0
17415,1.0,0.0,NV,81481.0,3000.0,1642.0,4642.0,6234.0,5065.0,5065.0,-1169.0,0.0
17432,0.0,0.0,NV,385203.0,0.0,3058.0,3058.0,92922.0,84971.0,84971.0,-7951.0,0.0
17462,0.0,0.0,NV,113846.0,1421.0,2523.0,3943.0,11694.0,9433.0,9433.0,-2261.0,0.0
17479,1.0,0.0,NV,54529.0,1947.0,3203.0,5150.0,5161.0,4168.0,4168.0,-993.0,0.0
17527,1.0,0.0,NV,111886.0,1947.0,2276.0,4224.0,9102.0,7239.0,7239.0,-1863.0,0.0
17549,1.0,3.0,NV,104142.0,710.0,1722.0,2433.0,4941.0,2339.0,2339.0,-2602.0,0.0
17556,1.0,0.0,NV,256433.0,2684.0,2603.0,5287.0,47385.0,39879.0,39879.0,-7506.0,0.0
17581,0.0,0.0,NV,45966.0,921.0,1160.0,2081.0,4247.0,3437.0,3437.0,-810.0,0.0
17596,0.0,0.0,NV,11648.0,0.0,635.0,635.0,-600.0,-600.0,-600.0,0.0,0.0
17615,1.0,1.0,NV,217381.0,1316.0,3431.0,4747.0,26261.0,20430.0,20430.0,-5831.0,0.0
17618,0.0,0.0,NV,0.0,0.0,2175.0,2175.0,0.0,0.0,0.0,0.0,0.0
17662,0.0,0.0,WA,38976.0,658.0,1242.0,1899.0,2891.0,2352.0,2352.0,-539.0,0.0
17753,0.0,0.0,WA,98834.0,0.0,2309.0,2309.0,10251.0,8253.0,8253.0,-1998.0,0.0
17755,1.0,2.0,WA,102833.0,0.0,2104.0,2104.0,5611.0,3253.0,3253.0,-2358.0,0.0
17831,0.0,0.0,WA,97313.0,0.0,1546.0,1546.0,15218.0,12749.0,12749.0,-2469.0,0.0
17833,1.0,0.0,WA,697354.0,0.0,3307.0,3307.0,193545.0,167928.0,167928.0,-25617.0,0.0
17852,0.0,0.0,WA,2115.0,2474.0,1282.0,3756.0,0.0,0.0,0.0,0.0,0.0
17854,0.0,0.0,WA,80350.0,0.0,1479.0,1479.0,11150.0,6276.0,6276.0,-4874.0,0.0
17879,0.0,0.0,WA,219487.0,0.0,4884.0,4884.0,22738.0,18227.0,18227.0,-4511.0,0.0
17908,0.0,0.0,WA,89299.0,4368.0,1546.0,5914.0,12196.0,10181.0,10181.0,-2015.0,0.0
17989,1.0,2.0,WA,193734.0,3421.0,2621.0,6042.0,27909.0,23043.0,23043.0,-4866.0,0.0
18010,0.0,0.0,WA,1.0,0.0,641.0,641.0,0.0,0.0,0.0,0.0,0.0
18036,1.0,0.0,WA,210422.0,6842.0,2417.0,9259.0,34731.0,25922.0,25922.0,-8809.0,0.0
18045,1.0,0.0,WA,110448.0,0.0,1854.0,1854.0,11025.0,8898.0,8898.0,-2127.0,0.0
18107,0.0,0.0,OR,52598.0,7894.0,4041.0,11936.0,4570.0,3987.0,3987.0,-583.0,0.0
18125,1.0,0.0,OR,263854.0,1631.0,22739.0,24371.0,47569.0,41943.0,41943.0,-5626.0,0.0
18154,1.0,0.0,OR,168117.0,1631.0,12534.0,14165.0,14292.0,11462.0,11462.0,-2830.0,0.0
18242,0.0,0.0,OR,259150.0,6842.0,21643.0,28485.0,43935.0,40281.0,39852.0,-3654.0,-429.0
18322,1.0,1.0,OR,208613.0,3631.0,16571.0,20202.0,23284.0,18136.0,18136.0,-5148.0,0.0
18450,0.0,0.0,CA,63419.0,8947.0,1997.0,10943.0,5847.0,5531.0,5531.0,-316.0,0.0
18509,0.0,4.0,CA,87334.0,3210.0,4903.0,8114.0,12896.0,10675.0,10675.0,-2221.0,0.0
18519,1.0,0.0,CA,123320.0,2158.0,3328.0,5486.0,10555.0,8561.0,8561.0,-1994.0,0.0
18542,0.0,0.0,CA,67266.0,0.0,2302.0,2302.0,7367.0,4549.0,4549.0,-2818.0,0.0
18552,1.0,2.0,CA,209488.0,3210.0,11329.0,14539.0,31847.0,25009.0,25009.0,-6838.0,0.0
18555,1.0,1.0,CA,310132.0,7894.0,20790.0,28684.0,57559.0,48138.0,48138.0,-9421.0,0.0
18584,1.0,0.0,CA,89419.0,1316.0,4052.0,5368.0,7870.0,5938.0,5938.0,-1932.0,0.0
18673,1.0,0.0,CA,379451.0,2684.0,19465.0,22149.0,59451.0,49557.0,49557.0,-9894.0,0.0
18691,0.0,0.0,CA,58605.0,0.0,2353.0,2353.0,6143.0,4954.0,4954.0,-1189.0,0.0
18700,0.0,0.0,CA,0.0,0.0,645.0,645.0,0.0,0.0,0.0,0.0,0.0
18723,0.0,0.0,CA,0.0,0.0,645.0,645.0,0.0,0.0,0.0,0.0,0.0
18759,0.0,0.0,CA,71246.0,0.0,3266.0,3266.0,8361.0,6684.0,6684.0,-1677.0,0.0
18801,1.0,2.0,CA,105719.0,0.0,3456.0,3456.0,4325.0,2449.0,2449.0,-1876.0,0.0
18815,1.0,0.0,CA,107279.0,3526.0,3660.0,7186.0,6025.0,4835.0,4835.0,-1190.0,0.0
18856,1.0,2.0,CA,121792.0,8947.0,3767.0,12714.0,2594.0,580.0,580.0,-2014.0,0.0
18871,1.0,0.0,CA,118792.0,28945.0,4389.0,33334.0,10110.0,9899.0,9899.0,-211.0,0.0
18893,1.0,0.0,CA,26579.0,17367.0,1022.0,18389.0,0.0,0.0,0.0,0.0,0.0
18918,0.0,2.0,CA,121584.0,0.0,3692.0,3692.0,8678.0,5888.0,5888.0,-2790.0,0.0
18920,1.0,0.0,CA,746541.0,4263.0,67488.0,71751.0,211817.0,193265.0,193265.0,-18552.0,0.0
18943,0.0,0.0,CA,63202.0,0.0,2558.0,2558.0,4185.0,3426.0,3426.0,-759.0,0.0
18983,1.0,0.0,CA,125889.0,0.0,4610.0,4610.0,6601.0,6899.0,6899.0,298.0,0.0
19037,1.0,1.0,CA,206801.0,0.0,13466.0,13466.0,25417.0,20260.0,20260.0,-5157.0,0.0
19056,1.0,1.0,CA,53452.0,0.0,2224.0,2224.0,-2033.0,-3264.0,-3264.0,-1231.0,0.0
19067,1.0,1.0,CA,434410.0,7894.0,32323.0,40217.0,91195.0,77010.0,77010.0,-14185.0,0.0
19092,1.0,0.0,CA,242848.0,6842.0,15010.0,21852.0,41859.0,36239.0,36239.0,-5620.0,0.0
19129,1.0,2.0,CA,82916.0,0.0,3608.0,3608.0,3552.0,1792.0,1792.0,-1760.0,0.0
19171,1.0,1.0,CA,77221.0,0.0,2388.0,2388.0,1169.0,189.0,189.0,-980.0,0.0
19327,1.0,2.0,CA,14939.0,1631.0,2889.0,4520.0,-6502.0,-6577.0,-6577.0,-75.0,0.0
19334,0.0,1.0,CA,52732.0,0.0,1384.0,1384.0,2430.0,1027.0,1027.0,-1403.0,0.0
19366,0.0,0.0,CA,410.0,26.0,1290.0,1317.0,0.0,0.0,0.0,0.0,0.0
19395,1.0,2.0,CA,178932.0,8947.0,8434.0,17380.0,24013.0,18287.0,18287.0,-5726.0,0.0
19409,0.0,0.0,CA,27580.0,0.0,894.0,894.0,1489.0,1231.0,1231.0,-258.0,0.0
19414,0.0,0.0,CA,1330732.0,0.0,138475.0,138475.0,405078.0,421644.0,421644.0,16566.0,0.0
19460,1.0,0.0,CA,128724.0,0.0,7015.0,7015.0,14306.0,11289.0,11289.0,-3017.0,0.0
19476,1.0,2.0,CA,104748.0,0.0,2918.0,2918.0,7827.0,5912.0,5912.0,-1915.0,0.0
19507,0.0,0.0,CA,0.0,6052.0,645.0,6697.0,0.0,0.0,0.0,0.0,0.0
19516,0.0,0.0,CA,196350.0,21577.0,14157.0,35734.0,35259.0,36170.0,33842.0,911.0,-2328.0
19546,1.0,0.0,CA,241728.0,0.0,15564.0,15564.0,42561.0,31976.0,31976.0,-10585.0,0.0
19552,1.0,0.0,CA,80439.0,0.0,4667.0,4667.0,6771.0,5495.0,5495.0,-1276.0,0.0
19583,1.0,1.0,CA,24140.0,8947.0,2139.0,11086.0,0.0,0.0,-0.0,0.0,-0.0
19592,0.0,0.0,CA,0.0,0.0,645.0,645.0,0.0,0.0,0.0,0.0,0.0
19609,0.0,0.0,CA,798.0,6052.0,894.0,6946.0,0.0,0.0,0.0,0.0,0.0
19656,1.0,0.0,CA,70467.0,500.0,1560.0,2060.0,5275.0,4298.0,4298.0,-977.0,0.0
19658,0.0,0.0,CA,8.0,0.0,645.0,645.0,0.0,0.0,0.0,0.0,0.0
19669,1.0,0.0,CA,271863.0,3947.0,17076.0,21023.0,49469.0,37442.0,37442.0,-12027.0,0.0
19689,0.0,0.0,CA,10.0,0.0,645.0,645.0,0.0,0.0,0.0,0.0,0.0
19698,0.0,0.0,CA,202218.0,14209.0,14703.0,28912.0,37922.0,37086.0,35250.0,-836.0,-1836.0
19801,2.0,0.0,CA,8321.0,0.0,3058.0,3058.0,0.0,0.0,0.0,0.0,0.0
19883,1.0,2.0,CA,56951.0,0.0,1901.0,1901.0,-5016.0,-5180.0,-5180.0,-164.0,0.0
19892,1.0,1.0,CA,282981.0,5526.0,18110.0,23636.0,51186.0,39289.0,39289.0,-11897.0,0.0
19930,1.0,0.0,CA,156784.0,0.0,6495.0,6495.0,21321.0,17414.0,17414.0,-3907.0,0.0
19931,1.0,1.0,CA,83891.0,0.0,2930.0,2930.0,5494.0,3909.0,3909.0,-1585.0,0.0
19956,0.0,0.0,CA,0.0,0.0,645.0,645.0,0.0,0.0,0.0,0.0,0.0
20004,0.0,0.0,CA,7.0,0.0,1123.0,1123.0,0.0,0.0,0.0,0.0,0.0
20023,1.0,3.0,CA,86588.0,2684.0,2247.0,4931.0,2308.0,233.0,233.0,-2075.0,0.0
20043,1.0,0.0,CA,288146.0,0.0,18017.0,18017.0,46118.0,39285.0,39285.0,-6833.0,0.0
20097,0.0,0.0,CA,95288.0,3526.0,4758.0,8284.0,14372.0,11973.0,11973.0,-2399.0,0.0
20113,1.0,4.0,CA,28183.0,0.0,1292.0,1292.0,-11212.0,-11974.0,-11974.0,-762.0,0.0
20200,0.0,0.0,CA,145057.0,4684.0,9387.0,14071.0,25117.0,23168.0,23168.0,-1949.0,0.0
20221,1.0,0.0,CA,175552.0,4579.0,8278.0,12857.0,26013.0,21543.0,21543.0,-4470.0,0.0
20235,1.0,0.0,CA,70862.0,21577.0,1560.0,23137.0,4330.0,3926.0,3926.0,-404.0,0.0
20256,1.0,3.0,CA,297792.0,0.0,17730.0,17730.0,48376.0,39121.0,39121.0,-9255.0,0.0
20259,0.0,0.0,CA,0.0,0.0,1290.0,1290.0,0.0,0.0,0.0,0.0,0.0
20328,0.0,0.0,CA,204150.0,6842.0,7161.0,14003.0,24078.0,19728.0,19728.0,-4350.0,0.0
20344,1.0,0.0,CA,64781.0,4263.0,1802.0,6065.0,3927.0,3220.0,3220.0,-707.0,0.0
20385,0.0,0.0,CA,141401.0,6842.0,4737.0,11578.0,13892.0,11247.0,11247.0,-2645.0,0.0
20417,0.0,0.0,CA,123229.0,0.0,7357.0,7357.0,19326.0,16699.0,16699.0,-2627.0,0.0
20515,0.0,0.0,CA,4986.0,0.0,894.0,894.0,0.0,0.0,0.0,0.0,0.0
20534,1.0,3.0,AK,82998.0,1421.0,0.0,1421.0,1732.0,-228.0,-228.0,-1960.0,0.0
20550,1.0,4.0,AK,101288.0,0.0,0.0,0.0,2718.0,-4.0,-4.0,-2722.0,0.0
20570,1.0,0.0,AK,156118.0,5526.0,0.0,5526.0,17270.0,16932.0,16932.0,-338.0,0.0
20586,0.0,1.0,HI,113327.0,658.0,5221.0,5879.0,8403.0,6547.0,6547.0,-1856.0,0.0
20603,0.0,0.0,HI,0.0,0.0,550.0,550.0,0.0,0.0,0.0,0.0,0.0
20622,0.0,0.0,HI,28728.0,0.0,1309.0,1309.0,1354.0,1138.0,1138.0,-216.0,0.0
20714,0.0,1.0,ME,32726.0,0.0,1417.0,1417.0,-2947.0,-3967.0,-3967.0,-1020.0,0.0
20717,0.0,0.0,ME,24995.0,0.0,1564.0,1564.0,1552.0,1280.0,1280.0,-272.0,0.0
20753,0.0,0.0,ME,35864.0,8947.0,1613.0,10560.0,1952.0,1962.0,1962.0,10.0,0.0
20776,1.0,0.0,NH,44485.0,2158.0,0.0,2158.0,1682.0,1342.0,1342.0,-340.0,0.0
20814,1.0,3.0,NH,333170.0,13157.0,0.0,13157.0,60863.0,41472.0,40714.0,-19391.0,-758.0
20818,0.0,1.0,NH,0.0,19472.0,0.0,19472.0,0.0,0.0,0.0,0.0,0.0
20866,2.0,2.0,NH,27383.0,17367.0,0.0,17367.0,-9388.0,-10988.0,-10988.0,-1600.0,0.0
20921,1.0,0.0,VT,220095.0,5526.0,10275.0,15801.0,34256.0,30458.0,30458.0,-3798.0,0.0
20930,0.0,0.0,VT,98191.0,1842.0,3985.0,5827.0,10289.0,8383.0,8383.0,-1906.0,0.0
20935,0.0,2.0,VT,898602.0,4263.0,72233.0,76496.0,251715.0,265632.0,260490.0,13917.0,-5142.0
20984,1.0,0.0,MA,-579992.0,7894.0,648.0,8542.0,0.0,0.0,0.0,0.0,0.0
20988,0.0,0.0,MA,41927.0,0.0,1876.0,1876.0,3642.0,2952.0,2952.0,-690.0,0.0
21112,1.0,2.0,MA,785833.0,0.0,38852.0,38852.0,204544.0,186177.0,180927.0,-18367.0,-5250.0
21141,0.0,0.0,MA,86532576.0,0.0,4326410.0,4326410.0,25702352.0,25976778.0,25971228.0,274426.0,-5550.0
21148,1.0,2.0,MA,57493991.0,0.0,2890961.0,2890961.0,13183189.0,12820177.0,12820177.0,-363012.0,0.0
21242,1.0,0.0,MA,80724.0,0.0,3891.0,3891.0,6719.0,5453.0,5453.0,-1266.0,0.0
21435,0.0,0.0,RI,42135.0,5526.0,1184.0,6710.0,3673.0,2977.0,2977.0,-696.0,0.0
21547,0.0,0.0,CT,-26434.0,0.0,259.0,259.0,0.0,0.0,0.0,0.0,0.0
21573,1.0,0.0,CT,44668320.0,13157.0,3112818.0,3125976.0,12438517.0,12302186.0,12302186.0,-136331.0,0.0
21575,1.0,0.0,CT,200409.0,6842.0,7531.0,14372.0,23468.0,21008.0,21008.0,-2460.0,0.0
21660,0.0,0.0,CT,79370.0,5526.0,1290.0,6816.0,4407.0,3506.0,3506.0,-901.0,0.0
21748,0.0,0.0,NY,1017.0,2052.0,941.0,2994.0,0.0,0.0,0.0,0.0,0.0
21753,0.0,0.0,NY,78443.0,13157.0,3709.0,16866.0,7311.0,7559.0,7523.0,248.0,-36.0
21771,0.0,0.0,NY,7960.0,7894.0,1207.0,9101.0,0.0,0.0,0.0,0.0,0.0
21821,1.0,0.0,NY,20145.0,0.0,1086.0,1086.0,0.0,484.0,484.0,484.0,0.0
21822,0.0,0.0,NY,0.0,1316.0,941.0,2257.0,0.0,0.0,0.0,0.0,0.0
21842,2.0,2.0,NY,176394242.0,21577.0,19004154.0,19025731.0,54938539.0,57754651.0,57749103.0,2816112.0,-5548.0
21875,1.0,0.0,NY,294369.0,79.0,16576.0,16655.0,43640.0,41340.0,40021.0,-2300.0,-1319.0
21946,0.0,0.0,NY,1861956.0,0.0,216332.0,216332.0,469579.0,455997.0,455997.0,-13582.0,0.0
21978,0.0,0.0,NY,31381.0,0.0,1809.0,1809.0,2060.0,1687.0,1687.0,-373.0,0.0
22042,0.0,0.0,NY,101422.0,0.0,9587.0,9587.0,16566.0,15276.0,15276.0,-1290.0,0.0
22046,0.0,0.0,NY,25330.0,0.0,941.0,941.0,0.0,0.0,0.0,0.0,0.0
22107,0.0,0.0,NY,63672.0,0.0,4747.0,4747.0,6981.0,5562.0,5562.0,-1419.0,0.0
22175,0.0,0.0,NY,-941.0,12104.0,1314.0,13418.0,0.0,0.0,0.0,0.0,0.0
22212,1.0,2.0,NY,25010610.0,6842.0,2504141.0,2510983.0,7313170.0,7207490.0,7207490.0,-105680.0,0.0
22307,0.0,0.0,NY,13021.0,0.0,657.0,657.0,-495.0,-495.0,-495.0,0.0,0.0
22489,0.0,0.0,NY,-280212.0,15262.0,657.0,15919.0,0.0,0.0,0.0,0.0,0.0
22497,1.0,0.0,NY,-370768.0,1526.0,1995.0,3521.0,-162.0,-326.0,-326.0,-164.0,0.0
22644,1.0,3.0,NY,335477.0,0.0,19293.0,19293.0,60749.0,52134.0,50808.0,-8615.0,-1326.0
22661,1.0,0.0,NY,4397.0,9999.0,1124.0,11124.0,0.0,0.0,0.0,0.0,0.0
22763,1.0,0.0,NY,175556880.0,6052.0,18707302.0,18713354.0,53012470.0,52692171.0,52694419.0,-320299.0,2248.0
22784,0.0,0.0,NY,932655.0,23682.0,60940.0,84622.0,240740.0,261251.0,255701.0,20511.0,-5550.0
22811,1.0,0.0,NY,-265314.0,0.0,18477.0,18477.0,60688.0,53776.0,51281.0,-6912.0,-2495.0
22818,1.0,0.0,NJ,0.0,0.0,1227.0,1227.0,0.0,0.0,0.0,0.0,0.0
22852,1.0,0.0,NJ,3456695.0,22630.0,339338.0,361968.0,1035195.0,1066246.0,1064812.0,31051.0,-1434.0
22871,1.0,0.0,NJ,359107.0,0.0,18564.0,18564.0,67130.0,61732.0,59963.0,-5398.0,-1769.0
22995,1.0,0.0,NJ,1823135.0,23682.0,150916.0,174598.0,500740.0,505318.0,503195.0,4578.0,-2123.0
23023,1.0,2.0,NJ,159009.0,14209.0,6042.0,20252.0,17899.0,13846.0,13846.0,-4053.0,0.0
23025,0.0,0.0,NJ,956.0,44734.0,1822.0,46556.0,0.0,0.0,0.0,0.0,0.0
23050,1.0,1.0,NJ,32175422.0,11052.0,3394100.0,3405152.0,8872452.0,9414168.0,9408618.0,541716.0,-5550.0
23070,1.0,4.0,NJ,231845.0,28945.0,11386.0,40331.0,22782.0,19861.0,18719.0,-2921.0,-1142.0
23074,1.0,0.0,NJ,90613.0,16315.0,3086.0,19400.0,4030.0,3671.0,3671.0,-359.0,0.0
23077,1.0,0.0,NJ,198202.0,0.0,7421.0,7421.0,14752.0,13015.0,13015.0,-1737.0,0.0
23082,0.0,0.0,NJ,11.0,0.0,614.0,614.0,0.0,0.0,0.0,0.0,0.0
23100,1.0,1.0,NJ,329210.0,2789.0,16829.0,19618.0,58148.0,52593.0,51636.0,-5555.0,-957.0
23128,1.0,0.0,NJ,-328965.0,0.0,1315.0,1315.0,0.0,0.0,0.0,0.0,0.0
23160,1.0,3.0,NJ,103251.0,0.0,2936.0,2936.0,4545.0,2022.0,2022.0,-2523.0,0.0
23202,0.0,1.0,NJ,56934796.0,0.0,6087457.0,6087457.0,19291570.0,18999036.0,18997926.0,-292534.0,-1110.0
23262,1.0,0.0,NJ,807753.0,2684.0,53240.0,55924.0,179111.0,154893.0,149343.0,-24218.0,-5550.0
23284,1.0,0.0,NJ,116432656.0,0.0,12478012.0,12478012.0,36985556.0,37983204.0,37982092.0,997648.0,-1112.0
23292,0.0,0.0,NJ,39853.0,0.0,1584.0,1584.0,3310.0,2687.0,2687.0,-623.0,0.0
23342,1.0,1.0,NJ,83126.0,11052.0,22786.0,33837.0,72987.0,69481.0,67758.0,-3506.0,-1723.0
23423,0.0,0.0,PA,97336791.0,2684.0,2988240.0,2990924.0,23200058.0,22859662.0,22859662.0,-340396.0,0.0
23514,0.0,0.0,PA,2070313.0,0.0,63559.0,63559.0,501561.0,500925.0,500925.0,-636.0,0.0
23539,0.0,0.0,PA,13672.0,8947.0,516.0,9463.0,-445.0,-445.0,-445.0,0.0,0.0
23541,1.0,1.0,PA,198520480.0,26.0,6095095.0,6095121.0,61180324.0,57424388.0,57418844.0,-3755936.0,-5544.0
23576,0.0,0.0,PA,95397.0,3210.0,2929.0,6139.0,12588.0,11937.0,11937.0,-651.0,0.0
23666,1.0,3.0,PA,-597394.0,23682.0,664.0,24346.0,-5673.0,-5673.0,-5673.0,0.0,0.0
23702,1.0,0.0,PA,-171128.0,3737.0,4582.0,8319.0,16038.0,13032.0,13032.0,-3006.0,0.0
23705,1.0,0.0,PA,-207825.0,0.0,4602.0,4602.0,18189.0,16082.0,16082.0,-2107.0,0.0
23798,0.0,0.0,PA,29688.0,2684.0,911.0,3595.0,1806.0,1484.0,1484.0,-322.0,0.0
23837,1.0,0.0,PA,70441923.0,0.0,2163281.0,2163281.0,21348857.0,21057489.0,21060849.0,-291368.0,3360.0
23845,0.0,0.0,PA,-2481.0,0.0,516.0,516.0,0.0,0.0,0.0,0.0,0.0
23881,1.0,0.0,PA,443958.0,0.0,13629.0,13629.0,97586.0,75423.0,75233.0,-22163.0,-190.0
23918,0.0,0.0,PA,45573.0,0.0,1399.0,1399.0,4189.0,3390.0,3390.0,-799.0,0.0
23931,0.0,0.0,PA,-948.0,1631.0,516.0,2148.0,0.0,0.0,0.0,0.0,0.0
23954,1.0,0.0,PA,-207295.0,1631.0,575.0,2207.0,0.0,0.0,0.0,0.0,0.0
23968,0.0,0.0,PA,5800.0,0.0,516.0,516.0,0.0,0.0,0.0,0.0,0.0
23976,1.0,1.0,PA,184429.0,3947.0,5662.0,9609.0,25481.0,21448.0,21448.0,-4033.0,0.0
23997,1.0,0.0,PA,-605775.0,868.0,1296.0,2164.0,0.0,0.0,0.0,0.0,0.0
24037,1.0,1.0,PA,2259433.0,2684.0,69881.0,72565.0,816879.0,757169.0,757169.0,-59710.0,0.0
24049,0.0,1.0,PA,-93891.0,4263.0,575.0,4838.0,0.0,0.0,0.0,0.0,0.0
24061,0.0,0.0,PA,-98.0,0.0,516.0,516.0,0.0,0.0,0.0,0.0,0.0
24075,1.0,2.0,PA,92572.0,0.0,2842.0,2842.0,4864.0,2649.0,2649.0,-2215.0,0.0
24127,1.0,0.0,OH,1859083.0,0.0,62724.0,62724.0,564725.0,523758.0,518824.0,-40967.0,-4934.0
24168,1.0,1.0,OH,9299344.0,0.0,323688.0,323688.0,2873137.0,2687373.0,2681823.0,-185764.0,-5550.0
24183,0.0,0.0,OH,12073.0,13157.0,893.0,14050.0,0.0,0.0,0.0,0.0,0.0
24187,0.0,0.0,OH,2091833.0,6842.0,72042.0,78884.0,508405.0,507768.0,507768.0,-637.0,0.0
24214,0.0,0.0,OH,127108.0,0.0,3781.0,3781.0,13604.0,10753.0,10753.0,-2851.0,0.0
24222,0.0,0.0,OH,457860.0,3841.0,15394.0,19235.0,83118.0,70064.0,68155.0,-13054.0,-1909.0
24261,1.0,0.0,OH,-2991.0,342.0,579.0,921.0,0.0,0.0,0.0,0.0,0.0
24297,0.0,0.0,OH,-321067.0,6842.0,1111.0,7953.0,0.0,0.0,0.0,0.0,0.0
24303,1.0,1.0,OH,-324103.0,8947.0,614.0,9560.0,0.0,0.0,0.0,0.0,0.0
24305,1.0,0.0,OH,56059.0,3737.0,1972.0,5709.0,-959.0,-1612.0,-1612.0,-653.0,0.0
24335,0.0,0.0,OH,53125.0,0.0,1072.0,1072.0,5321.0,4296.0,4296.0,-1025.0,0.0
24361,1.0,0.0,OH,63709.0,1631.0,1195.0,2827.0,4234.0,3465.0,3465.0,-769.0,0.0
24404,0.0,3.0,OH,21485.0,2158.0,778.0,2936.0,-10985.0,-11060.0,-11060.0,-75.0,0.0
24407,0.0,0.0,OH,17491.0,1316.0,1448.0,2764.0,869.0,699.0,699.0,-170.0,0.0
24426,1.0,0.0,OH,158389.0,1105.0,3828.0,4933.0,20650.0,16943.0,16943.0,-3707.0,0.0
24460,1.0,1.0,OH,742199.0,7894.0,23706.0,31600.0,199417.0,177632.0,172691.0,-21785.0,-4941.0
24478,1.0,0.0,OH,38865.0,763.0,932.0,1695.0,0.0,0.0,0.0,0.0,0.0
24502,1.0,0.0,OH,565161.0,79.0,18661.0,18740.0,142138.0,112034.0,112034.0,-30104.0,0.0
24554,0.0,0.0,OH,32952.0,5526.0,893.0,6419.0,1623.0,1675.0,1675.0,52.0,0.0
24565,0.0,1.0,OH,0.0,0.0,579.0,579.0,0.0,0.0,0.0,0.0,0.0
24777,0.0,1.0,OH,59884.0,6842.0,1232.0,8074.0,3703.0,2085.0,2085.0,-1618.0,0.0
24877,0.0,0.0,IN,45.0,6842.0,631.0,7472.0,0.0,0.0,0.0,0.0,0.0
24900,0.0,0.0,IN,2.0,132.0,1261.0,1393.0,0.0,0.0,0.0,0.0,0.0
24929,0.0,0.0,IN,23643.0,0.0,1109.0,1109.0,799.0,629.0,629.0,-170.0,0.0
24962,1.0,4.0,IN,470333.0,4789.0,13816.0,18605.0,111101.0,90982.0,90982.0,-20119.0,0.0
24973,1.0,1.0,IN,96726.0,1026.0,2794.0,3821.0,7419.0,5449.0,5449.0,-1970.0,0.0
24981,1.0,0.0,IN,9420650.0,237.0,278027.0,278264.0,3111102.0,3033194.0,3032084.0,-77908.0,-1110.0
25140,0.0,0.0,IN,-3000.0,0.0,631.0,631.0,0.0,0.0,0.0,0.0,0.0
25149,0.0,0.0,IN,9828.0,1631.0,1510.0,3142.0,0.0,0.0,0.0,0.0,0.0
25190,1.0,0.0,IN,34499.0,0.0,1605.0,1605.0,439.0,269.0,269.0,-170.0,0.0
25231,1.0,0.0,IN,178982112.0,1316.0,5279914.0,5281229.0,56077436.0,54307704.0,54306592.0,-1769732.0,-1112.0
25248,1.0,0.0,IN,122322.0,0.0,3549.0,3549.0,11918.0,9957.0,9957.0,-1961.0,0.0
25280,1.0,0.0,IN,-14544.0,6052.0,725.0,6778.0,0.0,0.0,0.0,0.0,0.0
25290,0.0,0.0,IN,127078880.0,974.0,3748738.0,3749712.0,42065660.0,40782892.0,40777348.0,-1282768.0,-5544.0
25315,1.0,0.0,IL,457696.0,0.0,22371.0,22371.0,98972.0,75765.0,72252.0,-23207.0,-3513.0
25366,1.0,0.0,IL,109313.0,34208.0,5126.0,39334.0,4832.0,8960.0,7343.0,4128.0,-1617.0
25391,0.0,0.0,IL,-3000.0,0.0,750.0,750.0,0.0,0.0,0.0,0.0,0.0
25540,1.0,2.0,IL,1106489.0,23682.0,54487.0,78169.0,302898.0,282757.0,280626.0,-20141.0,-2131.0
25560,0.0,0.0,IL,0.0,0.0,750.0,750.0,0.0,0.0,0.0,0.0,0.0
25565,0.0,0.0,IL,118651.0,0.0,5589.0,5589.0,12304.0,9812.0,9812.0,-2492.0,0.0
25579,1.0,1.0,IL,-609782.0,6841.0,993.0,7833.0,-74.0,-74.0,-74.0,0.0,0.0
25636,0.0,0.0,IL,47170816.0,1526.0,2334813.0,2336339.0,13974399.0,13842831.0,13842831.0,-131568.0,0.0
25644,0.0,0.0,IL,21535.0,868.0,1012.0,1881.0,0.0,0.0,0.0,0.0,0.0
25662,0.0,0.0,IL,40235.0,3000.0,1849.0,4849.0,3388.0,2749.0,2749.0,-639.0,0.0
25669,1.0,0.0,IL,-7141.0,2368.0,895.0,3264.0,0.0,0.0,0.0,0.0,0.0
25672,0.0,0.0,IL,189589.0,6842.0,9100.0,15942.0,15378.0,16268.0,15447.0,890.0,-821.0
25677,1.0,0.0,IL,49333.0,8947.0,2376.0,11323.0,1084.0,850.0,850.0,-234.0,0.0
25863,0.0,1.0,IL,11784.0,5526.0,895.0,6421.0,-5007.0,-5399.0,-5399.0,-392.0,0.0
25927,0.0,0.0,IL,738.0,8947.0,2251.0,11198.0,0.0,0.0,0.0,0.0,0.0
25936,1.0,2.0,IL,157962.0,132.0,7534.0,7666.0,17015.0,13674.0,13674.0,-3341.0,0.0
26038,1.0,0.0,MI,10951.0,0.0,563.0,563.0,-495.0,-495.0,-495.0,0.0,0.0
26053,0.0,2.0,MI,67804.0,3421.0,2882.0,6302.0,-2645.0,-4212.0,-4212.0,-1567.0,0.0
26062,0.0,3.0,MI,29167.0,0.0,1240.0,1240.0,-10084.0,-11084.0,-11084.0,-1000.0,0.0
26069,1.0,0.0,MI,47885.0,4788.0,2035.0,6823.0,1732.0,1392.0,1392.0,-340.0,0.0
26192,1.0,2.0,MI,14991.0,4263.0,1268.0,5530.0,-10095.0,-10418.0,-10418.0,-323.0,0.0
26220,1.0,0.0,MI,260417.0,1526.0,11068.0,12594.0,34776.0,33920.0,33349.0,-856.0,-571.0
26236,1.0,2.0,MI,245935168.0,1842.0,10452245.0,10454087.0,76143760.0,75816872.0,75820232.0,-326888.0,3360.0
26267,1.0,1.0,MI,78500.0,0.0,3336.0,3336.0,4685.0,3262.0,3262.0,-1423.0,0.0
26371,0.0,1.0,MI,35886.0,3421.0,2028.0,5449.0,-1575.0,-2595.0,-2595.0,-1020.0,0.0
26380,1.0,3.0,MI,85311667.0,22630.0,3625746.0,3648376.0,27178507.0,26397026.0,26395916.0,-781481.0,-1110.0
26418,1.0,0.0,MI,101618.0,34208.0,4717.0,38925.0,1821.0,4796.0,4068.0,2975.0,-728.0
26475,1.0,0.0,MI,459309.0,0.0,19521.0,19521.0,96405.0,77723.0,75048.0,-18682.0,-2675.0
26598,1.0,1.0,MI,-13670.0,7894.0,603.0,8497.0,-2529.0,-2529.0,-2529.0,0.0,0.0
26700,0.0,0.0,WI,9331006.0,447.0,704680.0,705128.0,3424967.0,3421552.0,3420442.0,-3415.0,-1110.0
26734,0.0,0.0,WI,1601.0,0.0,800.0,800.0,0.0,0.0,0.0,0.0,0.0
26752,0.0,0.0,WI,0.0,0.0,554.0,554.0,-280.0,-280.0,-280.0,0.0,0.0
26810,0.0,0.0,WI,0.0,6842.0,800.0,7642.0,0.0,0.0,0.0,0.0,0.0
26851,0.0,0.0,WI,2.0,0.0,554.0,554.0,0.0,0.0,0.0,0.0,0.0
26984,1.0,0.0,WI,368515.0,4263.0,20210.0,24473.0,68567.0,55960.0,52486.0,-12607.0,-3474.0
26991,1.0,0.0,WI,3193259.0,5526.0,235143.0,240669.0,954836.0,959200.0,953650.0,4364.0,-5550.0
27036,0.0,0.0,MN,122513.0,0.0,8498.0,8498.0,16870.0,16510.0,16510.0,-360.0,0.0
27070,0.0,0.0,MN,12162.0,3210.0,955.0,4165.0,0.0,0.0,0.0,0.0,0.0
27109,1.0,0.0,MN,-847.0,4894.0,1268.0,6162.0,0.0,0.0,0.0,0.0,0.0
27177,1.0,3.0,MN,22794.0,8947.0,1012.0,9959.0,-9459.0,-11859.0,-11859.0,-2400.0,0.0
27202,0.0,0.0,MN,121854.0,0.0,7141.0,7141.0,20282.0,17040.0,17040.0,-3242.0,0.0
27213,1.0,2.0,MN,110312.0,1316.0,5677.0,6993.0,7043.0,5050.0,5050.0,-1993.0,0.0
27304,1.0,1.0,MN,11373.0,1105.0,1816.0,2921.0,-5905.0,-6705.0,-6705.0,-800.0,0.0
27364,1.0,0.0,IA,151833.0,19472.0,5274.0,24746.0,16741.0,15477.0,15477.0,-1264.0,0.0
27495,0.0,0.0,IA,-3000.0,0.0,835.0,835.0,0.0,0.0,0.0,0.0,0.0
27506,0.0,0.0,IA,-4681.0,0.0,835.0,835.0,0.0,0.0,0.0,0.0,0.0
27535,1.0,0.0,IA,9139558.0,13157.0,355838.0,368994.0,2589333.0,2496179.0,2496179.0,-93154.0,0.0
27554,1.0,0.0,IA,215515.0,3947.0,8285.0,12232.0,28595.0,27315.0,27128.0,-1280.0,-187.0
27591,1.0,0.0,MO,162279920.0,0.0,7626874.0,7626874.0,42650588.0,42003072.0,42003072.0,-647516.0,0.0
27614,1.0,0.0,MO,3770860.0,2158.0,205013.0,207171.0,1278045.0,1273866.0,1268316.0,-4179.0,-5550.0
27687,0.0,0.0,MO,21585.0,0.0,1209.0,1209.0,798.0,628.0,628.0,-170.0,0.0
27738,0.0,0.0,MO,69142.0,0.0,2683.0,2683.0,642.0,217.0,217.0,-425.0,0.0
27804,0.0,0.0,MO,-304166.0,0.0,899.0,899.0,0.0,0.0,0.0,0.0,0.0
27871,1.0,3.0,MO,1828682.0,9999.0,84814.0,94813.0,579832.0,563611.0,558061.0,-16221.0,-5550.0
27901,0.0,0.0,MO,23.0,0.0,899.0,899.0,0.0,0.0,0.0,0.0,0.0
27910,0.0,0.0,MO,-295453.0,2158.0,899.0,3057.0,0.0,0.0,0.0,0.0,0.0
27941,1.0,11.0,MO,177171024.0,3000.0,8325904.0,8328904.0,59854272.0,57795136.0,57794032.0,-2059136.0,-1104.0
27973,0.0,0.0,ND,60814.0,0.0,1251.0,1251.0,5018.0,4053.0,4053.0,-965.0,0.0
28038,0.0,0.0,SD,-2481.0,0.0,571.0,571.0,0.0,0.0,0.0,0.0,0.0
28058,0.0,0.0,SD,854.0,553.0,571.0,1124.0,0.0,0.0,0.0,0.0,0.0
28125,1.0,2.0,NE,31760528.0,2579.0,1443879.0,1446458.0,8263043.0,8309776.0,8312524.0,46733.0,2748.0
28196,1.0,1.0,NE,-208975.0,8947.0,3718.0,12665.0,3681.0,2586.0,2586.0,-1095.0,0.0
28246,0.0,0.0,KS,-5097.0,0.0,566.0,566.0,0.0,0.0,0.0,0.0,0.0
28265,1.0,4.0,KS,47334092.0,0.0,2640665.0,2640665.0,14411283.0,14039739.0,14038629.0,-371544.0,-1110.0
28321,0.0,0.0,KS,150619.0,1526.0,8116.0,9642.0,24683.0,22971.0,22971.0,-1712.0,0.0
28350,0.0,0.0,KS,97282352.0,1526.0,5445363.0,5446889.0,29965401.0,29741794.0,29745154.0,-223607.0,3360.0
28412,1.0,1.0,KS,105718.0,0.0,5651.0,5651.0,8311.0,6476.0,6476.0,-1835.0,0.0
28453,1.0,0.0,DE,3760597.0,1737.0,246970.0,248707.0,949307.0,969619.0,969166.0,20312.0,-453.0
28480,1.0,0.0,DE,125364.0,3210.0,6060.0,9271.0,11745.0,9474.0,9474.0,-2271.0,0.0
28500,1.0,0.0,DE,128972.0,0.0,6467.0,6467.0,14365.0,11320.0,11320.0,-3045.0,0.0
28509,1.0,2.0,DE,37786.0,0.0,1614.0,1614.0,-7956.0,-9556.0,-9556.0,-1600.0,0.0
28807,1.0,2.0,MD,21448046.0,5526.0,1230255.0,1235781.0,6962863.0,6777435.0,6776325.0,-185428.0,-1110.0
28844,0.0,0.0,MD,731563.0,5000.0,39895.0,44895.0,166973.0,144976.0,144976.0,-21997.0,0.0
28846,1.0,1.0,MD,3904145.0,4684.0,219160.0,223844.0,1259461.0,1214887.0,1214091.0,-44574.0,-796.0
28864,1.0,1.0,MD,-1960.0,6842.0,995.0,7837.0,-6466.0,-7141.0,-7141.0,-675.0,0.0
28871,0.0,0.0,MD,67551.0,0.0,3023.0,3023.0,7950.0,6322.0,6322.0,-1628.0,0.0
28882,0.0,0.0,DC,191080.0,1526.0,13936.0,15462.0,35989.0,34400.0,32800.0,-1589.0,-1600.0
28897,0.0,1.0,DC,12774.0,0.0,553.0,553.0,-5343.0,-5884.0,-5884.0,-541.0,0.0
28913,1.0,0.0,DC,54575114.0,6842.0,5847443.0,5854285.0,13660479.0,14412555.0,14407005.0,752076.0,-5550.0
29051,1.0,0.0,VA,75780.0,0.0,3571.0,3571.0,6072.0,4936.0,4936.0,-1136.0,0.0
29126,1.0,2.0,VA,176218784.0,1210.0,10135879.0,10137089.0,58441455.0,57738316.0,57732768.0,-703139.0,-5548.0
29381,1.0,0.0,VA,672973.0,3105.0,38352.0,41457.0,172077.0,138978.0,138978.0,-33099.0,0.0
29439,1.0,0.0,VA,59139944.0,0.0,3399687.0,3399687.0,18106662.0,17867302.0,17866192.0,-239360.0,-1110.0
29469,1.0,1.0,WV,4639325.0,26.0,252133.0,252159.0,1681374.0,1606574.0,1606574.0,-74800.0,0.0
29476,0.0,0.0,WV,33636313.0,657.0,1721256.0,1721912.0,12786591.0,11729802.0,11728692.0,-1056789.0,-1110.0
29485,0.0,0.0,WV,19986.0,0.0,832.0,832.0,639.0,469.0,469.0,-170.0,0.0
29504,0.0,0.0,WV,-50013.0,0.0,832.0,832.0,0.0,0.0,0.0,0.0,0.0
29523,1.0,2.0,WV,-48725.0,395.0,2582.0,2977.0,0.0,0.0,0.0,0.0,0.0
29544,1.0,0.0,WV,70994.0,1316.0,2618.0,3934.0,5163.0,4177.0,4177.0,-986.0,0.0
29563,1.0,3.0,WV,29065.0,1210.0,11525.0,12736.0,-3000.0,-5400.0,-5400.0,-2400.0,0.0
29723,1.0,0.0,NC,1392622.0,0.0,54039.0,54039.0,391497.0,383218.0,377239.0,-8279.0,-5979.0
29829,0.0,0.0,NC,155567.0,1316.0,5190.0,6505.0,21755.0,18285.0,18285.0,-3470.0,0.0
29830,0.0,0.0,NC,54052.0,1526.0,1648.0,3174.0,5413.0,4407.0,4407.0,-1006.0,0.0
29831,0.0,0.0,NC,65728.0,4263.0,3146.0,7408.0,7492.0,5919.0,5919.0,-1573.0,0.0
29918,1.0,2.0,NC,-465947.0,1737.0,794.0,2531.0,216.0,46.0,46.0,-170.0,0.0
29944,0.0,0.0,NC,85938.0,0.0,3010.0,3010.0,8824.0,6947.0,6947.0,-1877.0,0.0
30044,1.0,0.0,NC,546470.0,3421.0,20787.0,24207.0,133815.0,112872.0,111728.0,-20943.0,-1144.0
30061,0.0,0.0,NC,65727685.0,0.0,2621517.0,2621517.0,18033619.0,17419712.0,17414162.0,-613907.0,-5550.0
30067,0.0,0.0,NC,44313788.0,26.0,1767612.0,1767638.0,16900942.0,15446697.0,15445587.0,-1454245.0,-1110.0
30096,1.0,0.0,NC,131980104.0,3631.0,5280660.0,5284291.0,34150376.0,33634256.0,33634256.0,-516120.0,0.0
30182,1.0,0.0,NC,1663.0,1316.0,646.0,1962.0,0.0,0.0,0.0,0.0,0.0
30215,1.0,0.0,NC,189822.0,6842.0,6185.0,13027.0,18276.0,18371.0,17784.0,95.0,-587.0
30226,0.0,1.0,NC,1108877.0,6052.0,43735.0,49788.0,336501.0,339747.0,334197.0,3246.0,-5550.0
30312,1.0,0.0,SC,54532124.0,0.0,3380152.0,3380152.0,14218054.0,14545068.0,14539518.0,327014.0,-5550.0
30323,0.0,0.0,SC,5443.0,0.0,575.0,575.0,0.0,0.0,0.0,0.0,0.0
30381,1.0,0.0,SC,40865.0,2368.0,1141.0,3510.0,1366.0,1026.0,1026.0,-340.0,0.0
30385,0.0,0.0,SC,-19322.0,1842.0,575.0,2417.0,0.0,0.0,0.0,0.0,0.0
30402,0.0,1.0,SC,17420.0,0.0,648.0,648.0,-5420.0,-6220.0,-6220.0,-800.0,0.0
30547,1.0,2.0,SC,95725.0,26.0,4308.0,4335.0,4353.0,2210.0,2210.0,-2143.0,0.0
30596,1.0,0.0,SC,75141.0,1947.0,2313.0,4260.0,3892.0,3192.0,3192.0,-700.0,0.0
30635,1.0,0.0,SC,132903.0,0.0,6304.0,6304.0,11521.0,8956.0,8956.0,-2565.0,0.0
30651,1.0,4.0,SC,158284017.0,0.0,9823711.0,9823711.0,46605576.0,46332476.0,46326928.0,-273100.0,-5548.0
30825,0.0,0.0,GA,65825.0,1947.0,2794.0,4741.0,7322.0,5943.0,5943.0,-1379.0,0.0
30930,0.0,0.0,GA,36459.0,763.0,1269.0,2033.0,2821.0,2296.0,2296.0,-525.0,0.0
30932,1.0,0.0,GA,644554.0,14209.0,35088.0,49298.0,149374.0,127774.0,122524.0,-21600.0,-5250.0
30947,0.0,0.0,GA,5977.0,0.0,561.0,561.0,-457.0,-457.0,-457.0,0.0,0.0
30982,1.0,0.0,GA,468983.0,6052.0,23095.0,29147.0,98895.0,80713.0,76568.0,-18182.0,-4145.0
31010,0.0,0.0,GA,27909.0,2158.0,1099.0,3257.0,36.0,0.0,0.0,-36.0,0.0
31100,0.0,0.0,GA,71086583.0,4158.0,3688148.0,3692306.0,22246420.0,21698208.0,21700458.0,-548212.0,2250.0
31111,1.0,1.0,GA,98475.0,0.0,4332.0,4332.0,7681.0,5659.0,5659.0,-2022.0,0.0
31114,0.0,0.0,GA,109539.0,1316.0,4439.0,5755.0,11136.0,8987.0,8987.0,-2149.0,0.0
31134,0.0,0.0,GA,-3000.0,0.0,561.0,561.0,0.0,0.0,0.0,0.0,0.0
31146,0.0,0.0,GA,32771.0,0.0,1078.0,1078.0,2068.0,1654.0,1654.0,-414.0,0.0
31182,0.0,0.0,GA,55730.0,0.0,2270.0,2270.0,5712.0,4609.0,4609.0,-1103.0,0.0
31194,1.0,0.0,GA,129801.0,11052.0,5913.0,16964.0,11108.0,10939.0,10885.0,-169.0,-54.0
31205,0.0,0.0,GA,35691976.0,2263.0,1851168.0,1853431.0,13284719.0,12230457.0,12229347.0,-1054262.0,-1110.0
31272,0.0,0.0,GA,102136263.0,0.0,5300939.0,5300939.0,36557980.0,34183360.0,34182252.0,-2374620.0,-1108.0
31281,0.0,0.0,GA,-2133.0,0.0,561.0,561.0,0.0,0.0,0.0,0.0,0.0
31296,0.0,0.0,GA,5394.0,0.0,795.0,795.0,0.0,0.0,0.0,0.0,0.0
31331,0.0,0.0,FL,0.0,553.0,857.0,1410.0,0.0,0.0,0.0,0.0,0.0
31428,0.0,0.0,FL,-71229.0,0.0,598.0,598.0,0.0,0.0,0.0,0.0,0.0
31450,0.0,0.0,FL,71603.0,0.0,1955.0,1955.0,5434.0,4425.0,4425.0,-1009.0,0.0
31474,0.0,0.0,FL,6454.0,5526.0,1098.0,6624.0,0.0,0.0,0.0,0.0,0.0
31536,1.0,0.0,FL,255569.0,5526.0,2359.0,7885.0,41438.0,36024.0,36024.0,-5414.0,0.0
31573,0.0,0.0,FL,7151617.0,3737.0,2916.0,6653.0,2573301.0,2358098.0,2358098.0,-215203.0,0.0
31604,0.0,0.0,FL,11307153.0,2052.0,2916.0,4969.0,3742820.0,3509636.0,3509636.0,-233184.0,0.0
31635,1.0,0.0,FL,994010.0,3000.0,2993.0,5992.0,285996.0,249775.0,249775.0,-36221.0,0.0
31683,1.0,1.0,FL,314688.0,0.0,3094.0,3094.0,59501.0,51478.0,51478.0,-8023.0,0.0
31727,0.0,0.0,FL,5002.0,4789.0,598.0,5387.0,0.0,0.0,0.0,0.0,0.0
31782,1.0,1.0,FL,100595.0,0.0,1690.0,1690.0,7989.0,5905.0,5905.0,-2084.0,0.0
31818,1.0,2.0,FL,718468.0,0.0,5299.0,5299.0,159449.0,129724.0,129724.0,-29725.0,0.0
31839,0.0,0.0,FL,-1101.0,0.0,598.0,598.0,0.0,0.0,0.0,0.0,0.0
32028,0.0,0.0,FL,20141.0,710.0,1098.0,1808.0,0.0,0.0,0.0,0.0,0.0
32037,1.0,0.0,FL,214173664.0,2158.0,2993.0,5150.0,81353088.0,72864816.0,72864816.0,-8488272.0,0.0
32056,0.0,0.0,FL,35804.0,0.0,987.0,987.0,2723.0,2218.0,2218.0,-505.0,0.0
32174,1.0,0.0,FL,2316092.0,1842.0,2993.0,4835.0,664521.0,605492.0,605492.0,-59029.0,0.0
32282,0.0,0.0,FL,2.0,2052.0,598.0,2650.0,0.0,0.0,0.0,0.0,0.0
32311,1.0,0.0,FL,103558.0,2684.0,1966.0,4650.0,10200.0,8238.0,8238.0,-1962.0,0.0
32340,1.0,0.0,FL,74339.0,2579.0,1397.0,3976.0,5856.0,4763.0,4763.0,-1093.0,0.0
32412,0.0,1.0,FL,-72930.0,2789.0,1471.0,4260.0,1194.0,1024.0,1024.0,-170.0,0.0
32545,0.0,0.0,FL,52344.0,0.0,1195.0,1195.0,5204.0,4202.0,4202.0,-1002.0,0.0
32630,1.0,0.0,FL,2406026.0,1316.0,2993.0,4308.0,794379.0,707515.0,707515.0,-86864.0,0.0
32743,0.0,0.0,KY,302521.0,2158.0,11113.0,13270.0,68147.0,65990.0,65885.0,-2157.0,-105.0
32801,1.0,0.0,KY,24934.0,0.0,911.0,911.0,0.0,0.0,0.0,0.0,0.0
32848,1.0,0.0,KY,114728.0,2157.0,4144.0,6301.0,10240.0,8406.0,8406.0,-1834.0,0.0
32870,1.0,1.0,KY,-3000.0,0.0,744.0,744.0,-4596.0,-4671.0,-4671.0,-75.0,0.0
32924,0.0,0.0,KY,-3000.0,0.0,811.0,811.0,0.0,0.0,0.0,0.0,0.0
33022,1.0,0.0,TN,198040864.0,18420.0,3366.0,21786.0,63403280.0,57250736.0,57246376.0,-6152544.0,-4360.0
33042,1.0,3.0,TN,185135.0,0.0,2612.0,2612.0,24314.0,17011.0,17011.0,-7303.0,0.0
33045,0.0,0.0,TN,37103098.0,0.0,5231.0,5231.0,11198938.0,11145421.0,11145421.0,-53517.0,0.0
33084,0.0,0.0,TN,334163.0,0.0,3198.0,3198.0,80413.0,78916.0,78916.0,-1497.0,0.0
33092,1.0,0.0,TN,151580.0,1316.0,2218.0,3534.0,17664.0,15525.0,15525.0,-2139.0,0.0
33144,0.0,3.0,TN,40069.0,0.0,2114.0,2114.0,3363.0,2729.0,2729.0,-634.0,0.0
33154,1.0,0.0,TN,-76411.0,974.0,844.0,1818.0,0.0,0.0,0.0,0.0,0.0
33189,0.0,0.0,TN,30082339.0,0.0,4796.0,4796.0,6237772.0,6157616.0,6157616.0,-80156.0,0.0
33197,0.0,0.0,TN,128112233.0,0.0,7947.0,7947.0,43901502.0,41122123.0,41122123.0,-2779379.0,0.0
33242,1.0,1.0,TN,727179.0,1630.0,4694.0,6324.0,191379.0,161726.0,161726.0,-29653.0,0.0
33266,1.0,2.0,TN,67569944.0,0.0,3212.0,3212.0,22855362.0,21558090.0,21558090.0,-1297272.0,0.0
33335,0.0,0.0,TN,6693630.0,2263.0,3198.0,5461.0,2217632.0,2108452.0,2108452.0,-109180.0,0.0
33452,1.0,0.0,AL,2357178.0,0.0,117289.0,117289.0,769108.0,711839.0,711839.0,-57269.0,0.0
33474,1.0,0.0,AL,2749176.0,132.0,138456.0,138588.0,826256.0,795364.0,795364.0,-30892.0,0.0
33568,1.0,0.0,AL,253116.0,2368.0,12276.0,14644.0,34949.0,31968.0,31968.0,-2981.0,0.0
33696,1.0,0.0,AL,28294.0,0.0,1225.0,1225.0,0.0,1257.0,1257.0,1257.0,0.0
33733,0.0,1.0,AL,29241.0,2579.0,1272.0,3851.0,-4548.0,-5348.0,-5348.0,-800.0,0.0
33802,1.0,1.0,MS,315388.0,2052.0,11632.0,13684.0,57074.0,49281.0,48957.0,-7793.0,-324.0
33806,1.0,0.0,MS,444.0,2052.0,699.0,2752.0,0.0,0.0,0.0,0.0,0.0
33810,0.0,0.0,MS,164289.0,0.0,6760.0,6760.0,26201.0,24252.0,24252.0,-1949.0,0.0
33825,0.0,0.0,MS,-16704.0,0.0,1361.0,1361.0,0.0,0.0,0.0,0.0,0.0
33838,1.0,0.0,MS,39809260.0,0.0,1591386.0,1591386.0,12636026.0,12299356.0,12293806.0,-336670.0,-5550.0
33872,0.0,2.0,MS,-305000.0,1631.0,2667.0,4299.0,0.0,0.0,0.0,0.0,0.0
33892,0.0,0.0,MS,28461.0,0.0,983.0,983.0,1622.0,1336.0,1336.0,-286.0,0.0
33902,0.0,0.0,MS,4831.0,2158.0,681.0,2838.0,0.0,0.0,0.0,0.0,0.0
34011,0.0,0.0,AR,46094.0,0.0,1701.0,1701.0,4267.0,3452.0,3452.0,-815.0,0.0
34053,1.0,1.0,AR,883559.0,1842.0,34436.0,36278.0,263417.0,235993.0,235993.0,-27424.0,0.0
34094,0.0,0.0,AR,136785.0,0.0,5238.0,5238.0,23691.0,21624.0,21624.0,-2067.0,0.0
34129,0.0,0.0,AR,0.0,342.0,503.0,845.0,0.0,0.0,0.0,0.0,0.0
34132,0.0,0.0,AR,51785.0,500.0,1923.0,2423.0,5120.0,4135.0,4135.0,-985.0,0.0
34156,0.0,0.0,AR,97258316.0,0.0,3792991.0,3792991.0,23189089.0,22850853.0,22850853.0,-338236.0,0.0
34163,0.0,0.0,AR,-3000.0,9999.0,503.0,10502.0,0.0,0.0,0.0,0.0,0.0
34187,0.0,0.0,AR,1063.0,289.0,1006.0,1295.0,0.0,0.0,0.0,0.0,0.0
34189,0.0,0.0,AR,643307.0,0.0,24799.0,24799.0,136849.0,133956.0,130169.0,-2893.0,-3787.0
34194,1.0,3.0,AR,336421.0,553.0,13025.0,13577.0,55208.0,50008.0,49150.0,-5200.0,-858.0
34216,1.0,0.0,LA,42412.0,0.0,1361.0,1361.0,1521.0,1181.0,1181.0,-340.0,0.0
34237,1.0,1.0,LA,-74227.0,7894.0,781.0,8675.0,-4420.0,-4420.0,-4420.0,0.0,0.0
34277,0.0,0.0,LA,2638.0,0.0,1430.0,1430.0,0.0,0.0,0.0,0.0,0.0
34313,0.0,0.0,LA,128710824.0,0.0,3861076.0,3861076.0,35278916.0,35054016.0,35048468.0,-224900.0,-5548.0
34339,0.0,0.0,LA,38578.0,0.0,1180.0,1180.0,3139.0,2550.0,2550.0,-589.0,0.0
34343,0.0,0.0,LA,37.0,0.0,715.0,715.0,0.0,0.0,0.0,0.0,0.0
34360,0.0,0.0,LA,-305000.0,6842.0,715.0,7556.0,0.0,0.0,0.0,0.0,0.0
34366,1.0,0.0,LA,2684724.0,16315.0,80044.0,96358.0,878905.0,829467.0,823917.0,-49438.0,-5550.0
34403,0.0,0.0,LA,35157.0,0.0,1180.0,1180.0,2626.0,2140.0,2140.0,-486.0,0.0
34406,0.0,0.0,LA,-304652.0,0.0,2740.0,2740.0,3388.0,2749.0,2749.0,-639.0,0.0
34435,0.0,0.0,LA,0.0,0.0,1023.0,1023.0,0.0,0.0,0.0,0.0,0.0
34455,1.0,0.0,LA,1416.0,0.0,715.0,715.0,0.0,0.0,0.0,0.0,0.0
34471,1.0,0.0,LA,406298.0,395.0,11691.0,12086.0,83766.0,68581.0,68581.0,-15185.0,0.0
34532,1.0,2.0,OK,244522.0,0.0,10635.0,10635.0,40613.0,32621.0,32621.0,-7992.0,0.0
34546,1.0,0.0,OK,93516272.0,2579.0,4441042.0,4443622.0,30680326.0,28934758.0,28929206.0,-1745568.0,-5552.0
34550,0.0,0.0,OK,-297854.0,0.0,558.0,558.0,0.0,0.0,0.0,0.0,0.0
34562,1.0,2.0,OK,51919.0,2368.0,1486.0,3854.0,-3579.0,-4859.0,-4859.0,-1280.0,0.0
34659,1.0,3.0,OK,5387.0,1316.0,753.0,2069.0,-4582.0,-4657.0,-4657.0,-75.0,0.0
34672,0.0,0.0,OK,-42.0,0.0,558.0,558.0,0.0,0.0,0.0,0.0,0.0
34688,0.0,0.0,OK,18.0,500.0,1116.0,1616.0,0.0,0.0,0.0,0.0,0.0
34739,1.0,2.0,OK,65366.0,5526.0,2686.0,8212.0,884.0,-343.0,-343.0,-1227.0,0.0
34761,0.0,0.0,OK,93961.0,0.0,3483.0,3483.0,8799.0,7117.0,7117.0,-1682.0,0.0
34822,0.0,1.0,TX,19420.0,3316.0,2570.0,5885.0,-2581.0,-2656.0,-2656.0,-75.0,0.0
34847,0.0,0.0,TX,76964.0,2474.0,1677.0,4151.0,5107.0,4258.0,4258.0,-849.0,0.0
34850,0.0,0.0,TX,128291.0,0.0,2729.0,2729.0,23115.0,19817.0,19817.0,-3298.0,0.0
34932,0.0,0.0,TX,86177307.0,0.0,3973.0,3973.0,32395771.0,29766000.0,29766000.0,-2629771.0,0.0
34965,0.0,0.0,TX,17865.0,9999.0,761.0,10760.0,-66.0,132.0,132.0,198.0,0.0
34982,0.0,0.0,TX,-3000.0,0.0,761.0,761.0,0.0,0.0,0.0,0.0,0.0
35030,1.0,0.0,TX,375.0,1316.0,878.0,2194.0,-662.0,-662.0,-662.0,0.0,0.0
35038,1.0,1.0,TX,-188586.0,15262.0,957.0,16219.0,-4420.0,-4420.0,-4420.0,0.0,0.0
35107,1.0,1.0,TX,657776.0,0.0,4206.0,4206.0,175095.0,135785.0,135785.0,-39310.0,0.0
35114,1.0,0.0,TX,364932.0,0.0,3672.0,3672.0,76639.0,61624.0,61624.0,-15015.0,0.0
35143,0.0,4.0,TX,13546.0,1316.0,1827.0,3143.0,-336.0,-336.0,-336.0,0.0,0.0
35150,0.0,0.0,TX,54105.0,0.0,2076.0,2076.0,4051.0,3170.0,3170.0,-881.0,0.0
35177,1.0,0.0,TX,-524522.0,0.0,957.0,957.0,0.0,0.0,0.0,0.0,0.0
35245,1.0,0.0,TX,126268.0,3210.0,2258.0,5468.0,13692.0,10994.0,10994.0,-2698.0,0.0
35279,1.0,2.0,TX,190560.0,8947.0,3760.0,12707.0,24964.0,20646.0,20646.0,-4318.0,0.0
35293,0.0,0.0,TX,23959.0,0.0,1051.0,1051.0,1036.0,866.0,866.0,-170.0,0.0
35310,1.0,3.0,TX,107045.0,0.0,2707.0,2707.0,4582.0,2164.0,2164.0,-2418.0,0.0
35317,1.0,0.0,TX,105053.0,5526.0,2687.0,8213.0,8206.0,6502.0,6502.0,-1704.0,0.0
35318,1.0,0.0,TX,61144.0,605.0,1741.0,2346.0,3836.0,3147.0,3147.0,-689.0,0.0
35344,0.0,1.0,TX,26563.0,0.0,1211.0,1211.0,-4809.0,-5785.0,-5785.0,-976.0,0.0
35371,1.0,0.0,TX,103871.0,0.0,2118.0,2118.0,10133.0,8184.0,8184.0,-1949.0,0.0
35383,1.0,0.0,TX,93417936.0,0.0,3672.0,3672.0,22882796.0,22658934.0,22658934.0,-223862.0,0.0
35407,1.0,1.0,TX,79574.0,0.0,1995.0,1995.0,4817.0,3368.0,3368.0,-1449.0,0.0
35408,1.0,0.0,TX,3336003.0,39471.0,3672.0,43143.0,1071067.0,993218.0,993218.0,-77849.0,0.0
35557,1.0,0.0,TX,82055864.0,6842.0,3672.0,10514.0,28739314.0,26604902.0,26604864.0,-2134412.0,-38.0
35627,1.0,0.0,TX,172849.0,0.0,2612.0,2612.0,23291.0,17285.0,17285.0,-6006.0,0.0
35636,0.0,0.0,TX,53822213.0,0.0,5289.0,5289.0,18035242.0,17022018.0,17022018.0,-1013224.0,0.0
35735,1.0,0.0,TX,176737664.0,1316.0,3672.0,4988.0,59862280.0,55825844.0,55825844.0,-4036436.0,0.0
35751,1.0,0.0,TX,27405410.0,11052.0,3672.0,14724.0,9243150.0,8738594.0,8738244.0,-504556.0,-350.0
35758,1.0,0.0,TX,70660.0,6841.0,1837.0,8677.0,4927.0,3951.0,3951.0,-976.0,0.0
35793,1.0,0.0,TX,28718.0,0.0,1211.0,1211.0,152.0,0.0,0.0,-152.0,0.0
35905,0.0,0.0,TX,9454789.0,0.0,5181.0,5181.0,2726527.0,2696608.0,2696608.0,-29919.0,0.0
35918,0.0,0.0,TX,47959.0,5105.0,2471.0,7576.0,779.0,609.0,609.0,-170.0,0.0
35948,1.0,2.0,TX,447000.0,0.0,4206.0,4206.0,98411.0,63026.0,63026.0,-35385.0,0.0
36017,0.0,0.0,TX,361.0,0.0,1051.0,1051.0,0.0,0.0,0.0,0.0,0.0
36025,0.0,0.0,TX,-234137.0,0.0,3120.0,3120.0,2234.0,1809.0,1809.0,-425.0,0.0
36059,1.0,0.0,TX,26469.0,3000.0,1211.0,4211.0,0.0,0.0,0.0,0.0,0.0
36062,1.0,0.0,TX,300996.0,4263.0,3975.0,8238.0,51463.0,47639.0,47639.0,-3824.0,0.0
36131,0.0,0.0,TX,0.0,0.0,761.0,761.0,0.0,0.0,0.0,0.0,0.0
36244,0.0,0.0,TX,69592250.0,0.0,4890.0,4890.0,21454224.0,21332520.0,21332520.0,-121704.0,0.0
36281,0.0,3.0,TX,26073.0,0.0,1398.0,1398.0,-3000.0,-5231.0,-5231.0,-2231.0,0.0
36290,1.0,0.0,TX,-608928.0,8947.0,878.0,9825.0,-210.0,-210.0,-210.0,0.0,0.0
36302,0.0,0.0,TX,37874.0,26.0,1194.0,1220.0,3034.0,2466.0,2466.0,-568.0,0.0
36308,1.0,0.0,TX,29508748.0,0.0,3672.0,3672.0,10857407.0,9858961.0,9858961.0,-998446.0,0.0
36323,0.0,0.0,TX,105743.0,0.0,1846.0,1846.0,16529.0,14544.0,14544.0,-1985.0,0.0
36354,1.0,1.0,TX,117697016.0,0.0,3975.0,3975.0,40352248.0,37649224.0,37649224.0,-2703024.0,0.0
36366,1.0,2.0,TX,811112.0,14209.0,4396.0,18606.0,235764.0,210922.0,209370.0,-24842.0,-1552.0
36391,0.0,0.0,TX,139491.0,3210.0,3098.0,6308.0,17793.0,14575.0,14575.0,-3218.0,0.0
36404,0.0,0.0,TX,3.0,0.0,1315.0,1315.0,0.0,0.0,0.0,0.0,0.0
36533,1.0,2.0,MT,49404.0,4368.0,1801.0,6169.0,-5164.0,-6484.0,-6484.0,-1320.0,0.0
36569,0.0,1.0,MT,56214.0,1210.0,2412.0,3622.0,3152.0,1645.0,1645.0,-1507.0,0.0
36710,1.0,8.0,ID,-147621.0,921.0,993.0,1914.0,-8000.0,-8087.0,-8087.0,-87.0,0.0
36722,0.0,0.0,ID,88673.0,0.0,4003.0,4003.0,12718.0,10518.0,10518.0,-2200.0,0.0
36767,1.0,3.0,ID,1257.0,3000.0,895.0,3895.0,-3378.0,-3453.0,-3453.0,-75.0,0.0
36816,1.0,2.0,WY,11021494.0,0.0,2158.0,2158.0,3078068.0,2988339.0,2988339.0,-89729.0,0.0
36831,1.0,0.0,CO,36721.0,1026.0,2272.0,3298.0,200.0,0.0,0.0,-200.0,0.0
36872,1.0,2.0,CO,2001810.0,289.0,87349.0,87639.0,675497.0,628361.0,628361.0,-47136.0,0.0
36890,1.0,0.0,CO,300083.0,1947.0,13157.0,15104.0,52838.0,49387.0,48773.0,-3451.0,-614.0
36907,1.0,2.0,CO,-1157.0,0.0,2631.0,2631.0,0.0,0.0,0.0,0.0,0.0
36925,1.0,1.0,CO,5290699.0,5526.0,245039.0,250565.0,1932216.0,1856908.0,1855798.0,-75308.0,-1110.0
36926,1.0,3.0,CO,44230636.0,447.0,1945418.0,1945865.0,12383638.0,12300434.0,12300434.0,-83204.0,0.0
36936,0.0,0.0,CO,19558.0,1316.0,847.0,2162.0,419.0,426.0,426.0,7.0,0.0
37033,1.0,1.0,CO,9981.0,1105.0,937.0,2043.0,-5420.0,-6109.0,-6109.0,-689.0,0.0
37066,1.0,0.0,CO,57318276.0,8947.0,2521274.0,2530220.0,17790536.0,17763052.0,17763052.0,-27484.0,0.0
37140,1.0,0.0,CO,396852.0,0.0,16731.0,16731.0,59865.0,56979.0,55634.0,-2886.0,-1345.0
37298,0.0,0.0,NM,11.0,184.0,528.0,712.0,0.0,0.0,0.0,0.0,0.0
37386,1.0,0.0,AZ,41578.0,868.0,1184.0,2052.0,0.0,0.0,0.0,0.0,0.0
37388,0.0,1.0,AZ,35677.0,0.0,1087.0,1087.0,-2830.0,-3850.0,-3850.0,-1020.0,0.0
37527,1.0,0.0,AZ,52735.0,0.0,1198.0,1198.0,0.0,4249.0,4249.0,4249.0,0.0
37533,1.0,3.0,AZ,339023.0,2263.0,15736.0,17999.0,61302.0,42008.0,41088.0,-19294.0,-920.0
37549,1.0,2.0,AZ,78064.0,500.0,1587.0,2087.0,2689.0,1101.0,1101.0,-1588.0,0.0
37582,1.0,0.0,AZ,39033.0,0.0,1027.0,1027.0,0.0,2605.0,2605.0,2605.0,0.0
37659,0.0,0.0,AZ,16440.0,2579.0,689.0,3267.0,0.0,0.0,0.0,0.0,0.0
37665,0.0,0.0,AZ,25446.0,1105.0,1605.0,2710.0,1053.0,883.0,883.0,-170.0,0.0
37737,0.0,0.0,AZ,25491.0,2474.0,1605.0,4078.0,559.0,389.0,389.0,-170.0,0.0
37755,1.0,2.0,AZ,9710.0,4263.0,503.0,4766.0,-7646.0,-7721.0,-7721.0,-75.0,0.0
37788,0.0,3.0,AZ,41667.0,1105.0,923.0,2028.0,-6920.0,-8852.0,-8852.0,-1932.0,0.0
37844,1.0,0.0,UT,-24645.0,0.0,648.0,648.0,0.0,0.0,0.0,0.0,0.0
37854,0.0,0.0,UT,11149.0,0.0,869.0,869.0,0.0,0.0,0.0,0.0,0.0
37872,0.0,1.0,UT,46840.0,7894.0,2011.0,9905.0,-2024.0,-2299.0,-2299.0,-275.0,0.0
37878,1.0,2.0,UT,80370.0,1842.0,3018.0,4860.0,3170.0,1486.0,1486.0,-1684.0,0.0
37902,0.0,0.0,UT,5377.0,0.0,558.0,558.0,0.0,0.0,0.0,0.0,0.0
37916,0.0,0.0,UT,95539.0,237.0,3926.0,4163.0,14371.0,12480.0,12480.0,-1891.0,0.0
38013,0.0,0.0,UT,122280.0,0.0,4756.0,4756.0,14466.0,11764.0,11764.0,-2702.0,0.0
38132,1.0,0.0,NV,12806174.0,3421.0,3170.0,6591.0,3017598.0,2932991.0,2932991.0,-84607.0,0.0
38134,1.0,0.0,NV,3033242.0,1947.0,6362.0,8309.0,920884.0,845940.0,845940.0,-74944.0,0.0
38190,1.0,0.0,NV,73059.0,2474.0,1489.0,3963.0,0.0,7034.0,7034.0,7034.0,0.0
38218,0.0,0.0,NV,15134.0,0.0,2802.0,2802.0,984.0,814.0,814.0,-170.0,0.0
38391,1.0,0.0,WA,333128.0,34208.0,4118.0,38326.0,51977.0,48874.0,48052.0,-3103.0,-822.0
38402,1.0,2.0,WA,68389.0,18420.0,1712.0,20131.0,-394.0,49.0,-15.0,443.0,-64.0
38403,0.0,0.0,WA,6720308.0,3737.0,2925.0,6662.0,2228101.0,2118234.0,2118234.0,-109867.0,0.0
38416,1.0,2.0,WA,45072742.0,3842.0,7552.0,11394.0,14034503.0,13734294.0,13734294.0,-300209.0,0.0
38442,1.0,2.0,WA,4667476.0,500.0,3743.0,4243.0,1763885.0,1558084.0,1558084.0,-205801.0,0.0
38520,1.0,0.0,WA,196085739.0,7894.0,4786.0,12680.0,61229261.0,57819394.0,57819302.0,-3409867.0,-92.0
38616,1.0,3.0,WA,4095265.0,7894.0,3897.0,11791.0,1335196.0,1219917.0,1219254.0,-115279.0,-663.0
38728,1.0,0.0,WA,22136.0,6052.0,1983.0,8035.0,0.0,0.0,0.0,0.0,0.0
38736,1.0,0.0,WA,1235342.0,7894.0,5136.0,13030.0,377935.0,355913.0,355913.0,-22022.0,0.0
38796,0.0,0.0,OR,16457.0,0.0,879.0,879.0,286.0,116.0,116.0,-170.0,0.0
38825,0.0,0.0,OR,1134090.0,2052.0,110207.0,112259.0,331214.0,357134.0,351584.0,25920.0,-5550.0
38895,1.0,0.0,OR,134137.0,2895.0,10615.0,13510.0,14757.0,11652.0,11652.0,-3105.0,0.0
38916,1.0,0.0,OR,54346.0,24735.0,3713.0,28448.0,1330.0,2175.0,2175.0,845.0,0.0
38933,0.0,1.0,OR,-155267.0,0.0,6933.0,6933.0,10592.0,10188.0,10188.0,-404.0,0.0
38988,0.0,2.0,OR,2396.0,0.0,121.0,121.0,0.0,0.0,0.0,0.0,0.0
39008,0.0,0.0,OR,240579.0,9999.0,20303.0,30302.0,31795.0,32733.0,30389.0,938.0,-2344.0
39037,0.0,0.0,CA,35586.0,7894.0,1215.0,9109.0,2383.0,1945.0,1945.0,-438.0,0.0
39060,1.0,0.0,CA,50821.0,9998.0,1476.0,11474.0,2147.0,1807.0,1807.0,-340.0,0.0
39072,1.0,1.0,CA,683014.0,0.0,59099.0,59099.0,179771.0,139227.0,139227.0,-40544.0,0.0
39080,1.0,1.0,CA,-243565.0,20525.0,2238.0,22763.0,712.0,1014.0,1014.0,302.0,0.0
39154,1.0,0.0,CA,-302992.0,16315.0,645.0,16960.0,0.0,0.0,0.0,0.0,0.0
39223,1.0,1.0,CA,47113.0,6842.0,1382.0,8224.0,-339.0,-1149.0,-1149.0,-810.0,0.0
39326,1.0,0.0,CA,206986931.0,0.0,25419387.0,25419387.0,54356464.0,59216488.0,59210940.0,4860024.0,-5548.0
39337,1.0,0.0,CA,143010.0,0.0,3722.0,3722.0,10804.0,8799.0,8799.0,-2005.0,0.0
39400,1.0,0.0,CA,117714.0,4263.0,3806.0,8069.0,11192.0,9482.0,9482.0,-1710.0,0.0
39454,1.0,0.0,CA,478315.0,0.0,42054.0,42054.0,113957.0,85659.0,85659.0,-28298.0,0.0
39501,1.0,0.0,CA,301453.0,0.0,24071.0,24071.0,48675.0,47682.0,45018.0,-993.0,-2664.0
39527,1.0,0.0,CA,321544.0,7894.0,24685.0,32579.0,55038.0,48565.0,45004.0,-6473.0,-3561.0
39536,0.0,0.0,CA,-233001.0,289.0,645.0,935.0,0.0,0.0,0.0,0.0,0.0
39574,1.0,2.0,CA,126362504.0,3842.0,15509686.0,15513528.0,38889032.0,38499928.0,38503288.0,-389104.0,3360.0
39629,1.0,2.0,CA,21861494.0,3210.0,2648984.0,2652194.0,6496845.0,6810688.0,6809578.0,313843.0,-1110.0
39665,0.0,0.0,CA,59803645.0,0.0,7316461.0,7316461.0,19611140.0,20730063.0,20723703.0,1118923.0,-6360.0
39737,1.0,0.0,CA,42953520.0,6052.0,5260182.0,5266234.0,13882719.0,14524757.0,14523647.0,642038.0,-1110.0
39785,1.0,0.0,CA,373338.0,13157.0,25551.0,38708.0,68472.0,62484.0,60480.0,-5988.0,-2004.0
39801,0.0,0.0,CA,0.0,658.0,645.0,1303.0,0.0,0.0,0.0,0.0,0.0
39806,1.0,0.0,CA,341173.0,4263.0,25440.0,29703.0,43584.0,47057.0,43757.0,3473.0,-3300.0
39816,1.0,0.0,CA,4390515.0,0.0,513156.0,513156.0,978038.0,972397.0,972397.0,-5641.0,0.0
39904,0.0,0.0,CA,61641.0,23682.0,2986.0,26669.0,7223.0,5682.0,5682.0,-1541.0,0.0
39946,1.0,2.0,CA,12481653.0,8947.0,1513441.0,1522387.0,4378310.0,4306984.0,4306984.0,-71326.0,0.0
40007,0.0,0.0,CA,6139.0,0.0,1539.0,1539.0,0.0,0.0,0.0,0.0,0.0
40054,1.0,0.0,CA,24975.0,0.0,1256.0,1256.0,-4420.0,-4420.0,-4420.0,0.0,0.0
40129,1.0,1.0,CA,162590.0,0.0,14187.0,14187.0,15529.0,10450.0,10450.0,-5079.0,0.0
40174,1.0,0.0,CA,2383952.0,763.0,268442.0,269205.0,669706.0,700352.0,694835.0,30646.0,-5517.0
40176,1.0,0.0,CA,112130.0,0.0,5469.0,5469.0,11370.0,8541.0,8541.0,-2829.0,0.0
40251,0.0,0.0,CA,80477.0,6052.0,3381.0,9433.0,2245.0,3051.0,3051.0,806.0,0.0
40265,0.0,0.0,CA,311.0,2474.0,645.0,3119.0,0.0,0.0,0.0,0.0,0.0
40277,1.0,1.0,CA,82489.0,0.0,2223.0,2223.0,5283.0,3741.0,3741.0,-1542.0,0.0
40295,1.0,0.0,CA,237301.0,0.0,16710.0,16710.0,43187.0,37185.0,37185.0,-6002.0,0.0
40520,0.0,0.0,CA,-291979.0,0.0,1290.0,1290.0,-495.0,-495.0,-495.0,0.0,0.0
40550,1.0,0.0,CA,237040.0,3737.0,13279.0,17015.0,24969.0,24912.0,23685.0,-57.0,-1227.0
40553,0.0,0.0,CA,196324033.0,3105.0,24128742.0,24131847.0,56766916.0,56361264.0,56361260.0,-405652.0,-4.0
40583,1.0,0.0,CA,135253.0,0.0,8475.0,8475.0,14288.0,12439.0,12439.0,-1849.0,0.0
40620,0.0,0.0,CA,11357.0,0.0,1019.0,1019.0,0.0,0.0,0.0,0.0,0.0
40639,2.0,0.0,CA,-17272.0,28944.0,2507.0,31451.0,2529.0,1836.0,1836.0,-693.0,0.0
40676,0.0,1.0,CA,103692.0,7894.0,5540.0,13434.0,8667.0,8119.0,7364.0,-548.0,-755.0
40680,0.0,0.0,CA,49344.0,17367.0,3203.0,20570.0,2031.0,2522.0,2226.0,491.0,-296.0
40694,0.0,0.0,CA,43973.0,0.0,1123.0,1123.0,3948.0,3198.0,3198.0,-750.0,0.0
40763,0.0,1.0,CA,75595494.0,7894.0,9276312.0,9284206.0,22904620.0,24543616.0,24538066.0,1638996.0,-5550.0
40834,1.0,1.0,CA,249566.0,11052.0,10978.0,22030.0,30499.0,25686.0,25686.0,-4813.0,0.0
40906,1.0,0.0,CA,152552.0,6842.0,6075.0,12917.0,18511.0,15611.0,15611.0,-2900.0,0.0
40908,0.0,0.0,CA,-2481.0,0.0,1290.0,1290.0,0.0,0.0,0.0,0.0,0.0
40918,0.0,0.0,CA,-3000.0,0.0,645.0,645.0,0.0,0.0,0.0,0.0,0.0
40922,1.0,1.0,CA,88697488.0,4263.0,10887782.0,10892045.0,27941728.0,29411928.0,29410814.0,1470200.0,-1114.0
40934,1.0,2.0,CA,279683.0,6842.0,16664.0,23506.0,33011.0,28473.0,27733.0,-4538.0,-740.0
40952,1.0,0.0,CA,70515.0,2579.0,1560.0,4139.0,4929.0,3952.0,3952.0,-977.0,0.0
40956,1.0,0.0,CA,344697.0,974.0,25883.0,26857.0,44864.0,47981.0,44681.0,3117.0,-3300.0
41012,1.0,0.0,CA,1756929.0,5526.0,196224.0,201750.0,495116.0,513564.0,508014.0,18448.0,-5550.0
41029,0.0,0.0,CA,-305000.0,11052.0,645.0,11697.0,0.0,0.0,0.0,0.0,0.0
41128,0.0,0.0,CA,11836.0,0.0,645.0,645.0,0.0,0.0,0.0,0.0,0.0
41129,0.0,1.0,CA,3724.0,0.0,739.0,739.0,-109.0,-184.0,-184.0,-75.0,0.0
41130,0.0,0.0,CA,19296.0,3737.0,645.0,4382.0,0.0,0.0,0.0,0.0,0.0
41173,0.0,2.0,CA,43360.0,8947.0,1382.0,10329.0,-3658.0,-5087.0,-5087.0,-1429.0,0.0
41217,1.0,2.0,AK,65299.0,0.0,0.0,0.0,854.0,-378.0,-378.0,-1232.0,0.0
41231,1.0,1.0,AK,62238712.0,1316.0,0.0,1316.0,19792184.0,18827864.0,18827864.0,-964320.0,0.0
41279,0.0,0.0,HI,75131.0,0.0,3993.0,3993.0,9845.0,7990.0,7990.0,-1855.0,0.0
